<ImportExportXml xmlns:xsi="http://www.w3.org/2001/XMLSchema-instance">
  <Entities></Entities>
  <Roles></Roles>
  <Workflows>
    <Workflow WorkflowId="{e7db2dd0-595c-ee11-be6e-000d3ade98c2}" Name="sendCFOApprovalHRTravelApp">
      <JsonFileName>/Workflows/sendCFOApprovalHRTravelApp-E7DB2DD0-595C-EE11-BE6E-000D3ADE98C2.json</JsonFileName>
      <Type>1</Type>
      <Subprocess>0</Subprocess>
      <Category>5</Category>
      <Mode>0</Mode>
      <Scope>4</Scope>
      <OnDemand>0</OnDemand>
      <TriggerOnCreate>0</TriggerOnCreate>
      <TriggerOnDelete>0</TriggerOnDelete>
      <AsyncAutodelete>0</AsyncAutodelete>
      <SyncWorkflowLogOnFailure>0</SyncWorkflowLogOnFailure>
      <StateCode>1</StateCode>
      <StatusCode>2</StatusCode>
      <RunAs>1</RunAs>
      <IsTransacted>1</IsTransacted>
      <IntroducedVersion>1.0.0</IntroducedVersion>
      <IsCustomizable>1</IsCustomizable>
      <BusinessProcessType>0</BusinessProcessType>
      <IsCustomProcessingStepAllowedForOtherPublishers>1</IsCustomProcessingStepAllowedForOtherPublishers>
      <PrimaryEntity>none</PrimaryEntity>
      <LocalizedNames>
        <LocalizedName languagecode="1033" description="sendCFOApprovalHRTravelApp" />
      </LocalizedNames>
    </Workflow>
    <Workflow WorkflowId="{dc5b4a3a-4c59-ee11-be6f-000d3ade98c2}" Name="travelRequestFirstLevelApprovalFlow_TravelApp">
      <JsonFileName>/Workflows/travelRequestFirstLevelApprovalFlow_TravelApp-DC5B4A3A-4C59-EE11-BE6F-000D3ADE98C2.json</JsonFileName>
      <Type>1</Type>
      <Subprocess>0</Subprocess>
      <Category>5</Category>
      <Mode>0</Mode>
      <Scope>4</Scope>
      <OnDemand>0</OnDemand>
      <TriggerOnCreate>0</TriggerOnCreate>
      <TriggerOnDelete>0</TriggerOnDelete>
      <AsyncAutodelete>0</AsyncAutodelete>
      <SyncWorkflowLogOnFailure>0</SyncWorkflowLogOnFailure>
      <StateCode>1</StateCode>
      <StatusCode>2</StatusCode>
      <RunAs>1</RunAs>
      <IsTransacted>1</IsTransacted>
      <IntroducedVersion>1.0</IntroducedVersion>
      <IsCustomizable>1</IsCustomizable>
      <BusinessProcessType>0</BusinessProcessType>
      <IsCustomProcessingStepAllowedForOtherPublishers>1</IsCustomProcessingStepAllowedForOtherPublishers>
      <PrimaryEntity>none</PrimaryEntity>
      <LocalizedNames>
        <LocalizedName languagecode="1033" description="travelRequestFirstLevelApprovalFlow_TravelApp" />
      </LocalizedNames>
    </Workflow>
  </Workflows>
  <FieldSecurityProfiles></FieldSecurityProfiles>
  <Templates />
  <EntityMaps />
  <EntityRelationships />
  <OrganizationSettings />
  <optionsets />
  <CustomControls />
  <EntityDataProviders />
  <CanvasApps>
    <CanvasApp>
      <Name>cinsight_travelapp_b72fe</Name>
      <AppVersion>2023-10-06T15:20:41Z</AppVersion>
      <Status>Ready</Status>
      <CreatedByClientVersion>3.23093.15.0</CreatedByClientVersion>
      <MinClientVersion>3.23093.15.0</MinClientVersion>
      <Tags>{"primaryDeviceWidth":"640","primaryDeviceHeight":"1136","supportsPortrait":"true","supportsLandscape":"true","primaryFormFactor":"Phone","showStatusBar":"false","publisherVersion":"3.23093.15","minimumRequiredApiVersion":"2.2.0","hasComponent":"false","hasUnlockedComponent":"false","isUnifiedRootApp":"false","sienaVersion":"20231006T151202Z-3.23093.15.0"}</Tags>
      <IsCdsUpgraded>0</IsCdsUpgraded>
      <GalleryItemId xsi:nil="true"></GalleryItemId>
      <BackgroundColor>RGBA(0,176,240,1)</BackgroundColor>
      <DisplayName>Travel App</DisplayName>
      <Description xsi:nil="true"></Description>
      <CommitMessage xsi:nil="true"></CommitMessage>
      <Publisher xsi:nil="true"></Publisher>
      <AuthorizationReferences>[]</AuthorizationReferences>
      <ConnectionReferences>{"2290c2d5-b56e-41bd-8725-ac0b7708a127":{"id":"/providers/microsoft.powerapps/apis/shared_sharepointonline","displayName":"SharePoint","iconUri":"https://connectoricons-prod.azureedge.net/u/henryorsborn/partial-builds/asev3migrations-with-resourceTemplate/1.0.1653.3414/sharepointonline/icon.png","dataSources":["Travel Request","Employee List","Airport List"],"dependencies":[],"dependents":[],"parameterHints":{},"parameterHintsV2":{},"isOnPremiseConnection":false,"bypassConsent":false,"dataSets":{"https://tsltransport.sharepoint.com/sites/HRServiceDelivery_cinsight_HRServiceDelivery":{"datasetOverride":{"name":"https://tsltransport.sharepoint.com/sites/HRServiceDelivery","environmentVariableName":"cinsight_HRServiceDelivery"},"dataSources":{"Travel Request":{"tableName":"cbc50f31-fe9e-4c75-ab4c-8f5b99144f4f","tableNameOverride":{"name":"cbc50f31-fe9e-4c75-ab4c-8f5b99144f4f","environmentVariableName":"cinsight_TravelRequest"}},"Employee List":{"tableName":"b2370fa3-b7f6-45b0-8101-a7661bf355c9","tableNameOverride":{"name":"b2370fa3-b7f6-45b0-8101-a7661bf355c9","environmentVariableName":"cinsight_EmployeeList"}},"Airport List":{"tableName":"e80b636e-cd57-4bf0-b6e1-fbb41be03b0e","tableNameOverride":{"name":"e80b636e-cd57-4bf0-b6e1-fbb41be03b0e","environmentVariableName":"cinsight_AirportList"}}}}},"apiTier":"Standard","actions":["providers/PowerPlatform.Governance/Operations/Read","providers/PowerPlatform.Governance/Operations/Write"]}}</ConnectionReferences>
      <DatabaseReferences>{}</DatabaseReferences>
      <AppComponents>[]</AppComponents>
      <AppComponentDependencies>[]</AppComponentDependencies>
      <CanConsumeAppPass>1</CanConsumeAppPass>
      <CanvasAppType>0</CanvasAppType>
      <BypassConsent>0</BypassConsent>
      <AdminControlBypassConsent>0</AdminControlBypassConsent>
      <EmbeddedApp xsi:nil="true"></EmbeddedApp>
      <IntroducedVersion>1.0</IntroducedVersion>
      <CdsDependencies>{"cdsdependencies":[{"logicalname":"cinsight_HRServiceDelivery","componenttype":380,"componenttypeplatformname":"EnvironmentVariableDefinition"},{"logicalname":"cinsight_TravelRequest","componenttype":380,"componenttypeplatformname":"EnvironmentVariableDefinition"},{"logicalname":"cinsight_EmployeeList","componenttype":380,"componenttypeplatformname":"EnvironmentVariableDefinition"},{"logicalname":"cinsight_AirportList","componenttype":380,"componenttypeplatformname":"EnvironmentVariableDefinition"}]}</CdsDependencies>
      <IsCustomizable>1</IsCustomizable>
      <BackgroundImageUri>/CanvasApps/cinsight_travelapp_b72fe_BackgroundImageUri</BackgroundImageUri>
      <DocumentUri>/CanvasApps/cinsight_travelapp_b72fe_DocumentUri.msapp</DocumentUri>
    </CanvasApp>
  </CanvasApps>
  <connectionreferences>
    <connectionreference connectionreferencelogicalname="cinsight_sharedapprovals_80b6c">
      <connectionreferencedisplayname>Approvals TravelAppSolution-80b6c</connectionreferencedisplayname>
      <connectorid>/providers/Microsoft.PowerApps/apis/shared_approvals</connectorid>
      <iscustomizable>1</iscustomizable>
      <statecode>0</statecode>
      <statuscode>1</statuscode>
    </connectionreference>
    <connectionreference connectionreferencelogicalname="cinsight_sharedoffice365_99167">
      <connectionreferencedisplayname>Office 365 Outlook TravelAppSolution-99167</connectionreferencedisplayname>
      <connectorid>/providers/Microsoft.PowerApps/apis/shared_office365</connectorid>
      <iscustomizable>1</iscustomizable>
      <statecode>0</statecode>
      <statuscode>1</statuscode>
    </connectionreference>
    <connectionreference connectionreferencelogicalname="cinsight_sharedsharepointonline_c015a">
      <connectionreferencedisplayname>SharePoint TravelAppSolution-c015a</connectionreferencedisplayname>
      <connectorid>/providers/Microsoft.PowerApps/apis/shared_sharepointonline</connectorid>
      <iscustomizable>1</iscustomizable>
      <statecode>0</statecode>
      <statuscode>1</statuscode>
    </connectionreference>
  </connectionreferences>
  <Languages>
    <Language>1033</Language>
  </Languages>
</ImportExportXml>