<environmentvariabledefinition schemaname="cinsight_HRServiceDelivery">
  <apiid>/providers/microsoft.powerapps/apis/shared_sharepointonline</apiid>
  <description default="This is an environmental variable for HR Travel App solution">
    <label description="This is an environmental variable for HR Travel App solution" languagecode="1033" />
  </description>
  <displayname default="HR Service Delivery">
    <label description="HR Service Delivery" languagecode="1033" />
  </displayname>
  <introducedversion>1.0.0</introducedversion>
  <iscustomizable>1</iscustomizable>
  <isrequired>0</isrequired>
  <parameterkey>dataset</parameterkey>
  <secretstore>0</secretstore>
  <type>100000004</type>
</environmentvariabledefinition>