{
  "properties": {
    "connectionReferences": {
      "shared_sharepointonline": {
        "runtimeSource": "embedded",
        "connection": {
          "connectionReferenceLogicalName": "cinsight_sharedsharepointonline_c015a"
        },
        "api": {
          "name": "shared_sharepointonline"
        }
      },
      "shared_approvals_1": {
        "runtimeSource": "embedded",
        "connection": {
          "connectionReferenceLogicalName": "cinsight_sharedapprovals_80b6c"
        },
        "api": {
          "name": "shared_approvals"
        }
      },
      "shared_office365_1": {
        "runtimeSource": "embedded",
        "connection": {
          "connectionReferenceLogicalName": "cinsight_sharedoffice365_99167"
        },
        "api": {
          "name": "shared_office365"
        }
      }
    },
    "definition": {
      "$schema": "https://schema.management.azure.com/providers/Microsoft.Logic/schemas/2016-06-01/workflowdefinition.json#",
      "contentVersion": "1.0.0.0",
      "parameters": {
        "$connections": {
          "defaultValue": {},
          "type": "Object"
        },
        "$authentication": {
          "defaultValue": {},
          "type": "SecureObject"
        },
        "HR Service Delivery (cinsight_HRServiceDelivery)": {
          "defaultValue": "https://tsltransport.sharepoint.com/sites/HRServiceDelivery",
          "type": "String",
          "metadata": {
            "schemaName": "cinsight_HRServiceDelivery",
            "description": "This is an environmental variable for HR Travel App solution"
          }
        },
        "Travel Request (cinsight_TravelRequest)": {
          "defaultValue": "cbc50f31-fe9e-4c75-ab4c-8f5b99144f4f",
          "type": "String",
          "metadata": {
            "schemaName": "cinsight_TravelRequest",
            "description": "This is an environmental variable for travel requests"
          }
        }
      },
      "triggers": {
        "When_an_item_is_created_or_modified": {
          "recurrence": {
            "interval": 5,
            "frequency": "Minute"
          },
          "splitOn": "@triggerOutputs()?['body/value']",
          "metadata": {
            "operationMetadataId": "35d5ec38-ae24-449e-a9e4-6b2aaa44b2d9"
          },
          "type": "OpenApiConnection",
          "inputs": {
            "host": {
              "connectionName": "shared_sharepointonline",
              "operationId": "GetOnUpdatedItems",
              "apiId": "/providers/Microsoft.PowerApps/apis/shared_sharepointonline"
            },
            "parameters": {
              "dataset": "@parameters('HR Service Delivery (cinsight_HRServiceDelivery)')",
              "table": "@parameters('Travel Request (cinsight_TravelRequest)')"
            },
            "authentication": "@parameters('$authentication')"
          }
        }
      },
      "actions": {
        "Get_item": {
          "runAfter": {},
          "metadata": {
            "operationMetadataId": "de881b2d-32e1-408e-8fe9-afcb0ef74c2a"
          },
          "type": "OpenApiConnection",
          "inputs": {
            "host": {
              "connectionName": "shared_sharepointonline",
              "operationId": "GetItem",
              "apiId": "/providers/Microsoft.PowerApps/apis/shared_sharepointonline"
            },
            "parameters": {
              "dataset": "@parameters('HR Service Delivery (cinsight_HRServiceDelivery)')",
              "table": "@parameters('Travel Request (cinsight_TravelRequest)')",
              "id": "@triggerOutputs()?['body/ID']"
            },
            "authentication": "@parameters('$authentication')"
          }
        },
        "Initialize_variable_-_CFO_Approval_Response_2": {
          "runAfter": {
            "Get_item": [
              "Succeeded"
            ]
          },
          "metadata": {
            "operationMetadataId": "3f4c376a-10c6-4534-94af-b845180c0b1f"
          },
          "type": "InitializeVariable",
          "inputs": {
            "variables": [
              {
                "name": "varCFOApprovalResponse",
                "type": "string"
              }
            ]
          }
        },
        "Initialize_variable_-_CFO_Approval_comment_2": {
          "runAfter": {
            "Initialize_variable_-_CFO_Approval_Response_2": [
              "Succeeded"
            ]
          },
          "metadata": {
            "operationMetadataId": "a0f29446-8caa-4cc6-94bd-3aeb1f8c9f11"
          },
          "type": "InitializeVariable",
          "inputs": {
            "variables": [
              {
                "name": "varCFOApprovalComment",
                "type": "string"
              }
            ]
          }
        },
        "Initialize_variable_-CFO_Approval_Name_2": {
          "runAfter": {
            "Initialize_variable_-_CFO_Approval_comment_2": [
              "Succeeded"
            ]
          },
          "metadata": {
            "operationMetadataId": "cfde23e8-2ce3-4c69-abe9-43851e5827b2"
          },
          "type": "InitializeVariable",
          "inputs": {
            "variables": [
              {
                "name": "varCFOApprovalName",
                "type": "string"
              }
            ]
          }
        },
        "Initialize_variable_-_CFO_Approved_by_Email_2": {
          "runAfter": {
            "Initialize_variable_-CFO_Approval_Name_2": [
              "Succeeded"
            ]
          },
          "metadata": {
            "operationMetadataId": "cfde23e8-2ce3-4c69-abe9-43851e5827b2"
          },
          "type": "InitializeVariable",
          "inputs": {
            "variables": [
              {
                "name": "varCFOApprovalEmailAddress",
                "type": "string"
              }
            ]
          }
        },
        "Condition_4": {
          "actions": {
            "Terminate_7": {
              "runAfter": {},
              "metadata": {
                "operationMetadataId": "8b5f8a77-f03a-4bc5-8084-abdf7a237de0"
              },
              "type": "Terminate",
              "inputs": {
                "runStatus": "Succeeded"
              }
            }
          },
          "runAfter": {
            "Compose_2": [
              "Succeeded"
            ]
          },
          "else": {
            "actions": {
              "Compose": {
                "runAfter": {},
                "metadata": {
                  "operationMetadataId": "9d558a54-14fb-468d-ba89-687e936bd20d"
                },
                "type": "Compose",
                "inputs": "Continue "
              },
              "Condition": {
                "actions": {
                  "Terminate": {
                    "runAfter": {},
                    "metadata": {
                      "operationMetadataId": "e36db5e7-a5a7-41ef-8e81-1f173f686a5d"
                    },
                    "type": "Terminate",
                    "inputs": {
                      "runStatus": "Succeeded"
                    }
                  }
                },
                "runAfter": {
                  "Compose": [
                    "Succeeded"
                  ]
                },
                "else": {
                  "actions": {
                    "Condition_2": {
                      "actions": {
                        "Get_record_if_CFO_has_not_approved": {
                          "runAfter": {},
                          "metadata": {
                            "operationMetadataId": "72cf570a-83ac-4b38-acdc-15aadf71540c"
                          },
                          "type": "OpenApiConnection",
                          "inputs": {
                            "host": {
                              "connectionName": "shared_sharepointonline",
                              "operationId": "GetItem",
                              "apiId": "/providers/Microsoft.PowerApps/apis/shared_sharepointonline"
                            },
                            "parameters": {
                              "dataset": "@parameters('HR Service Delivery (cinsight_HRServiceDelivery)')",
                              "table": "@parameters('Travel Request (cinsight_TravelRequest)')",
                              "id": "@triggerOutputs()?['body/ID']"
                            },
                            "authentication": "@parameters('$authentication')"
                          }
                        },
                        "Condition_3": {
                          "actions": {
                            "Compose_-_approval_contents_to_CFO": {
                              "runAfter": {},
                              "metadata": {
                                "operationMetadataId": "1979f221-1346-400d-bcaf-7d62b83d47a8"
                              },
                              "type": "Compose",
                              "inputs": "Dear Ma,\n\nI hope this mail finds you well.\nA request awaits your approval, kindly log in to approve. \n\n**Travel Request Details:**\n\nEmployee Name: @{outputs('Get_record_if_CFO_has_not_approved')?['body/Full_x0020_Name/Value']}\nCompany: @{outputs('Get_record_if_CFO_has_not_approved')?['body/Company/Value']}\nPhone Number: @{outputs('Get_record_if_CFO_has_not_approved')?['body/PhoneNumber']}\nTrip Type: @{outputs('Get_record_if_CFO_has_not_approved')?['body/TripType/Value']}\nNature of Travel: @{outputs('Get_record_if_CFO_has_not_approved')?['body/Nature_x0020_of_x0020_Travel/Value']}\nJob Title: @{outputs('Get_record_if_CFO_has_not_approved')?['body/JobTitle/Value']}\nDestination/Arrival Airport: @{outputs('Get_record_if_CFO_has_not_approved')?['body/Destination_x0020_Airport/Value']}\nArrival Date: @{outputs('Get_record_if_CFO_has_not_approved')?['body/Arrival_x0020_Date']}\nDeparture Airport: @{outputs('Get_record_if_CFO_has_not_approved')?['body/Departure_x0020_Airport/Value']}\nDeparture Date: @{outputs('Get_record_if_CFO_has_not_approved')?['body/Departure_x0020_Date']}\nAirport Drop-off: @{outputs('Get_record_if_CFO_has_not_approved')?['body/Airport_x0020_Drop_x002d_Off_x00/Value']}\nAirport Pick-up: @{outputs('Get_record_if_CFO_has_not_approved')?['body/Airport_x0020_Pick_x002d_Up_x002/Value']}\nCFO Approval Status: @{outputs('Get_record_if_CFO_has_not_approved')?['body/Status/Value']}\nTrip Expenses: @{outputs('Get_record_if_CFO_has_not_approved')?['body/TripExpenses']}\n\n**HOD Approval Details:**\n\n- **Approved By:** @{outputs('Get_record_if_CFO_has_not_approved')?['body/HeadofDepartment/Value']}\n- **Approved By Email Address:** @{outputs('Get_record_if_CFO_has_not_approved')?['body/Head_x0020_of_x0020_Department_x/Value']}\n- **Approval response:** @{outputs('Get_record_if_CFO_has_not_approved')?['body/HODApprovalResponse/Value']}\n- **Approval Comment:** @{outputs('Get_record_if_CFO_has_not_approved')?['body/HODApprovalComment']}\n\n\nIf you have any inquiries or require additional information regarding this travel request, please do not hesitate to reach out to our Service Delivery team.\n\nThank you for your prompt attention to this matter.\n\nBest regards,\n\nHR Service Delivery\n"
                            },
                            "Start_and_wait_for_an_approval": {
                              "runAfter": {
                                "Compose_-_approval_contents_to_CFO": [
                                  "Succeeded"
                                ]
                              },
                              "metadata": {
                                "operationMetadataId": "8aa7ecfe-1597-4bfa-80d4-4869b5ab8772"
                              },
                              "type": "OpenApiConnectionWebhook",
                              "inputs": {
                                "host": {
                                  "connectionName": "shared_approvals_1",
                                  "operationId": "StartAndWaitForAnApproval",
                                  "apiId": "/providers/Microsoft.PowerApps/apis/shared_approvals"
                                },
                                "parameters": {
                                  "approvalType": "Basic",
                                  "WebhookApprovalCreationInput/title": "Travel Request Approval for @{outputs('Get_record_if_CFO_has_not_approved')?['body/Full_x0020_Name/Value']}",
                                  "WebhookApprovalCreationInput/assignedTo": "heze@tsllimited.com; bojo@tsllimited.com;",
                                  "WebhookApprovalCreationInput/details": "@outputs('Compose_-_approval_contents_to_CFO')",
                                  "WebhookApprovalCreationInput/enableNotifications": true,
                                  "WebhookApprovalCreationInput/enableReassignment": true
                                },
                                "authentication": "@parameters('$authentication')"
                              }
                            },
                            "Apply_to_each_-_CFO_Approval": {
                              "foreach": "@outputs('Start_and_wait_for_an_approval')?['body/responses']",
                              "actions": {
                                "Approval_comment_": {
                                  "runAfter": {},
                                  "metadata": {
                                    "operationMetadataId": "f3bacd77-1623-469d-bc7c-d548140b90ef"
                                  },
                                  "type": "SetVariable",
                                  "inputs": {
                                    "name": "varCFOApprovalComment",
                                    "value": "@items('Apply_to_each_-_CFO_Approval')?['comments']"
                                  }
                                },
                                "Approved_by_": {
                                  "runAfter": {
                                    "Approval_comment_": [
                                      "Succeeded"
                                    ]
                                  },
                                  "metadata": {
                                    "operationMetadataId": "70326fec-475c-427a-b477-7f18e9bb007d"
                                  },
                                  "type": "SetVariable",
                                  "inputs": {
                                    "name": "varCFOApprovalName",
                                    "value": "@items('Apply_to_each_-_CFO_Approval')?['responder/displayName']"
                                  }
                                },
                                "Approved_by_email_address": {
                                  "runAfter": {
                                    "Approved_by_": [
                                      "Succeeded"
                                    ]
                                  },
                                  "metadata": {
                                    "operationMetadataId": "2044c003-25a0-4ff7-afbd-79e605ed41e4"
                                  },
                                  "type": "SetVariable",
                                  "inputs": {
                                    "name": "varCFOApprovalEmailAddress",
                                    "value": "@items('Apply_to_each_-_CFO_Approval')?['responder/email']"
                                  }
                                },
                                "CFO_Approval_Response": {
                                  "runAfter": {
                                    "Approved_by_email_address": [
                                      "Succeeded"
                                    ]
                                  },
                                  "metadata": {
                                    "operationMetadataId": "43ab40c8-25e5-46fa-bd33-386d61fd3f6c"
                                  },
                                  "type": "SetVariable",
                                  "inputs": {
                                    "name": "varCFOApprovalResponse",
                                    "value": "@outputs('Start_and_wait_for_an_approval')?['body/outcome']"
                                  }
                                }
                              },
                              "runAfter": {
                                "Start_and_wait_for_an_approval": [
                                  "Succeeded"
                                ]
                              },
                              "metadata": {
                                "operationMetadataId": "75ea589e-d0ed-4ca5-8997-c9350df4fb5a"
                              },
                              "type": "Foreach"
                            },
                            "Condition_-_inform_requester_and_travel_desk_after_CFO_approves": {
                              "actions": {
                                "Inform_requester_of_approval": {
                                  "runAfter": {},
                                  "metadata": {
                                    "operationMetadataId": "20e33dba-8480-48fd-9a7a-727c795d4316"
                                  },
                                  "type": "OpenApiConnection",
                                  "inputs": {
                                    "host": {
                                      "connectionName": "shared_office365_1",
                                      "operationId": "SendEmailV2",
                                      "apiId": "/providers/Microsoft.PowerApps/apis/shared_office365"
                                    },
                                    "parameters": {
                                      "emailMessage/To": "@outputs('Get_record_if_CFO_has_not_approved')?['body/Author/Email']",
                                      "emailMessage/Subject": "Travel Request Has Been Approved By @{variables('varCFOApprovalName')} - @{outputs('Get_record_if_CFO_has_not_approved')?['body/ID']}",
                                      "emailMessage/Body": "<p>Hello, <strong></strong><strong>@{outputs('Get_record_if_CFO_has_not_approved')?['body/Full_x0020_Name/Value']}</strong><strong>.</strong><br>\n<br>\nWe are pleased to inform you that @{variables('varCFOApprovalName')} has approved your travel request.<br>\n<br>\nApproval Comment:<strong> </strong><strong>@{variables('varCFOApprovalComment')}</strong><strong>.<br>\n</strong><br>\n<br>\nRegards,<br>\n<br>\n<br>\nHR Service Delivery</p>",
                                      "emailMessage/Importance": "Normal"
                                    },
                                    "authentication": "@parameters('$authentication')"
                                  }
                                },
                                "Update_item_5": {
                                  "runAfter": {
                                    "Send_an_email_to_travel_desk": [
                                      "Succeeded"
                                    ]
                                  },
                                  "metadata": {
                                    "operationMetadataId": "47db9514-4e07-4770-8e91-6bf755b7c3ed"
                                  },
                                  "type": "OpenApiConnection",
                                  "inputs": {
                                    "host": {
                                      "connectionName": "shared_sharepointonline",
                                      "operationId": "PatchItem",
                                      "apiId": "/providers/Microsoft.PowerApps/apis/shared_sharepointonline"
                                    },
                                    "parameters": {
                                      "dataset": "@parameters('HR Service Delivery (cinsight_HRServiceDelivery)')",
                                      "table": "@parameters('Travel Request (cinsight_TravelRequest)')",
                                      "id": "@outputs('Get_record_if_CFO_has_not_approved')?['body/ID']",
                                      "item/PhoneNumber": "@outputs('Get_record_if_CFO_has_not_approved')?['body/PhoneNumber']",
                                      "item/Check_x0020_In_x0020_Date": "@outputs('Get_record_if_CFO_has_not_approved')?['body/Check_x0020_In_x0020_Date']",
                                      "item/Check_x0020_Out_x0020_Date": "@outputs('Get_record_if_CFO_has_not_approved')?['body/Check_x0020_Out_x0020_Date']",
                                      "item/Departure_x0020_Date": "@outputs('Get_record_if_CFO_has_not_approved')?['body/Departure_x0020_Date']",
                                      "item/Arrival_x0020_Date": "@outputs('Get_record_if_CFO_has_not_approved')?['body/Arrival_x0020_Date']",
                                      "item/ApprovedBy/Claims": "@variables('varCFOApprovalEmailAddress')",
                                      "item/CFOApprovalComment": "@variables('varCFOApprovalComment')",
                                      "item/Status/Value": "Approved",
                                      "item/CFOApprovalSent/Value": "Yes"
                                    },
                                    "authentication": "@parameters('$authentication')"
                                  }
                                },
                                "Send_an_email_to_support_desk_and_travel_desk_if_failed_to_update_DB_3": {
                                  "runAfter": {
                                    "Update_item_5": [
                                      "Failed"
                                    ]
                                  },
                                  "metadata": {
                                    "operationMetadataId": "037f8f39-7f2e-4bf4-bb97-08bb67b4793a"
                                  },
                                  "type": "OpenApiConnection",
                                  "inputs": {
                                    "host": {
                                      "connectionName": "shared_office365_1",
                                      "operationId": "SendEmailV2",
                                      "apiId": "/providers/Microsoft.PowerApps/apis/shared_office365"
                                    },
                                    "parameters": {
                                      "emailMessage/To": "heze@tsllimited.com;traveldesk@tsllimited.com",
                                      "emailMessage/Subject": "Failed Request for Travel Approval by @{outputs('Get_record_if_CFO_has_not_approved')?['body/Full_x0020_Name/Value']} - @{outputs('Get_record_if_CFO_has_not_approved')?['body/ID']}",
                                      "emailMessage/Body": "<p>Dear Team,<br>\n<br>\nI hope this email finds you well. This is to inform you that a travel request submitted by @{outputs('Get_record_if_CFO_has_not_approved')?['body/Full_x0020_Name/Value']} failed to update the record on the DB after CFO Approval<br>\n<br>\n**Travel Request Details:**<br>\n<br>\nEmployee Name: @{outputs('Get_record_if_CFO_has_not_approved')?['body/Full_x0020_Name/Value']}<br>\nCompany: @{outputs('Get_record_if_CFO_has_not_approved')?['body/Company/Value']}<br>\nPhone Number: @{outputs('Get_record_if_CFO_has_not_approved')?['body/PhoneNumber']}<br>\nTrip Type: @{outputs('Get_record_if_CFO_has_not_approved')?['body/TripType/Value']}<br>\nNature of Travel: @{outputs('Get_record_if_CFO_has_not_approved')?['body/Nature_x0020_of_x0020_Travel/Value']}<br>\nJob Title: @{outputs('Get_record_if_CFO_has_not_approved')?['body/JobTitle/Value']}<br>\nDestination/Arrival Airport: @{outputs('Get_record_if_CFO_has_not_approved')?['body/Destination_x0020_Airport/Value']}<br>\nArrival Date: @{outputs('Get_record_if_CFO_has_not_approved')?['body/Arrival_x0020_Date']}<br>\nDeparture Airport: @{outputs('Get_record_if_CFO_has_not_approved')?['body/Departure_x0020_Airport/Value']}<br>\nDeparture Date: @{outputs('Get_record_if_CFO_has_not_approved')?['body/Departure_x0020_Date']}<br>\nAirport Drop-off: @{outputs('Get_record_if_CFO_has_not_approved')?['body/Airport_x0020_Drop_x002d_Off_x00/Value']}<br>\nAirport Pick-up: @{outputs('Get_record_if_CFO_has_not_approved')?['body/Airport_x0020_Pick_x002d_Up_x002/Value']}<br>\nCFO Approval Status: @{outputs('Get_record_if_CFO_has_not_approved')?['body/Status/Value']}<br>\nTrip Expenses: @{outputs('Get_record_if_CFO_has_not_approved')?['body/TripExpenses']}<br>\n<br>\n<br>\n**HOD Approval Details:**<br>\n<br>\n- **Approved By:** @{outputs('Get_record_if_CFO_has_not_approved')?['body/HeadofDepartment/Value']}<br>\n- **Approved By Email Address:** @{outputs('Get_record_if_CFO_has_not_approved')?['body/Head_x0020_of_x0020_Department_x/Value']}<br>\n- **Approval response:** @{outputs('Get_record_if_CFO_has_not_approved')?['body/HODApprovalResponse/Value']}<br>\n- **Approval Comment:** @{outputs('Get_record_if_CFO_has_not_approved')?['body/HODApprovalComment']}<br>\n<br>\n<br>\n<br>\nWe appreciate your attention to this matter.<br>\n<br>\n<br>\nThank you for your cooperation.<br>\n<br>\n<br>\nSincerely,<br>\n<br>\n<br>\nHR Service Delivery</p>",
                                      "emailMessage/Importance": "Normal"
                                    },
                                    "authentication": "@parameters('$authentication')"
                                  }
                                },
                                "Send_an_email_to_travel_desk": {
                                  "runAfter": {
                                    "Inform_requester_of_approval": [
                                      "Succeeded"
                                    ]
                                  },
                                  "metadata": {
                                    "operationMetadataId": "b74a33ac-6918-400a-bb0e-384eaad9855d"
                                  },
                                  "type": "OpenApiConnection",
                                  "inputs": {
                                    "host": {
                                      "connectionName": "shared_office365_1",
                                      "operationId": "SendEmailV2",
                                      "apiId": "/providers/Microsoft.PowerApps/apis/shared_office365"
                                    },
                                    "parameters": {
                                      "emailMessage/To": "heze@capitalcoreltd.com;scampbell@tsllimited.com;traveldesk@tsllimited.com;asulucainan@tsllimited.com",
                                      "emailMessage/Subject": "CFO Approved Travel Request for @{outputs('Get_record_if_CFO_has_not_approved')?['body/Full_x0020_Name/Value']} - @{outputs('Get_record_if_CFO_has_not_approved')?['body/ID']}",
                                      "emailMessage/Body": "<p>Hi Travel Desk<br>\n<br>\nThis is to notify you that the travel request created by @{outputs('Get_record_if_CFO_has_not_approved')?['body/Full_x0020_Name/Value']} has been approved.<br>\n<br>\n<br>\n<strong>**CFO Approval Details:**</strong><br>\n<br>\nApproved By: @{variables('varCFOApprovalName')}<br>\nApproved By Email Address: @{variables('varCFOApprovalEmailAddress')}<br>\nApproval response: @{variables('varCFOApprovalResponse')}<br>\nApproval Comment: @{variables('varCFOApprovalComment')}<br>\n<br>\n<br>\n<strong>**HOD Approval Details:**</strong><br>\n<br>\nApproved By: @{outputs('Get_record_if_CFO_has_not_approved')?['body/HeadofDepartment/Value']}<br>\nApproved By Email Address: @{outputs('Get_record_if_CFO_has_not_approved')?['body/Head_x0020_of_x0020_Department_x/Value']}<br>\nApproval Outcome: @{outputs('Get_record_if_CFO_has_not_approved')?['body/HODApprovalResponse/Value']}<br>\nApproval Comment: @{outputs('Get_record_if_CFO_has_not_approved')?['body/HODApprovalComment']}<br>\n<br>\n<br>\n<strong>**Travel Request Details:**</strong><br>\n<br>\nEmployee Name: @{outputs('Get_record_if_CFO_has_not_approved')?['body/Full_x0020_Name/Value']}<br>\nCompany: @{outputs('Get_record_if_CFO_has_not_approved')?['body/Company/Value']}<br>\nPhone Number: @{outputs('Get_record_if_CFO_has_not_approved')?['body/PhoneNumber']}<br>\nTrip Type: @{outputs('Get_record_if_CFO_has_not_approved')?['body/TripType/Value']}<br>\nNature of Travel: @{outputs('Get_record_if_CFO_has_not_approved')?['body/Nature_x0020_of_x0020_Travel/Value']}<br>\nJob Title: @{outputs('Get_record_if_CFO_has_not_approved')?['body/JobTitle/Value']}<br>\nDestination/Arrival Airport: @{outputs('Get_record_if_CFO_has_not_approved')?['body/Destination_x0020_Airport/Value']}<br>\nArrival Date: @{outputs('Get_record_if_CFO_has_not_approved')?['body/Arrival_x0020_Date']}<br>\nDeparture Airport: @{outputs('Get_record_if_CFO_has_not_approved')?['body/Departure_x0020_Airport/Value']}<br>\nDeparture Date: @{outputs('Get_record_if_CFO_has_not_approved')?['body/Departure_x0020_Date']}<br>\nAirport Drop-off: @{outputs('Get_record_if_CFO_has_not_approved')?['body/Airport_x0020_Drop_x002d_Off_x00/Value']}<br>\nAirport Pick-up: @{outputs('Get_record_if_CFO_has_not_approved')?['body/Airport_x0020_Pick_x002d_Up_x002/Value']}<br>\nCFO Approval Status: @{outputs('Get_record_if_CFO_has_not_approved')?['body/Status/Value']}<br>\nTrip Expenses: @{outputs('Get_record_if_CFO_has_not_approved')?['body/TripExpenses']}<br>\n<br>\n<br>\nBest regards,<br>\n<br>\n<br>\nHR Service Delivery</p>",
                                      "emailMessage/Importance": "Normal"
                                    },
                                    "authentication": "@parameters('$authentication')"
                                  }
                                },
                                "Terminate_4": {
                                  "runAfter": {
                                    "Send_an_email_to_support_desk_and_travel_desk_if_failed_to_update_DB_3": [
                                      "Skipped"
                                    ]
                                  },
                                  "metadata": {
                                    "operationMetadataId": "a4674df0-d9ca-4921-a139-11fadbc4ecb0"
                                  },
                                  "type": "Terminate",
                                  "inputs": {
                                    "runStatus": "Succeeded"
                                  }
                                }
                              },
                              "runAfter": {
                                "Apply_to_each_-_CFO_Approval": [
                                  "Succeeded"
                                ]
                              },
                              "else": {
                                "actions": {
                                  "Inform_requester_of_rejection": {
                                    "runAfter": {},
                                    "metadata": {
                                      "operationMetadataId": "ec860c3f-4c1b-4440-9e50-d5423392305f"
                                    },
                                    "type": "OpenApiConnection",
                                    "inputs": {
                                      "host": {
                                        "connectionName": "shared_office365_1",
                                        "operationId": "SendEmailV2",
                                        "apiId": "/providers/Microsoft.PowerApps/apis/shared_office365"
                                      },
                                      "parameters": {
                                        "emailMessage/To": "@outputs('Get_record_if_CFO_has_not_approved')?['body/Author/Email']",
                                        "emailMessage/Subject": "Travel Request Was Rejected By @{variables('varCFOApprovalName')} - @{outputs('Get_record_if_CFO_has_not_approved')?['body/ID']}",
                                        "emailMessage/Body": "<p>Hello, <strong></strong><strong>@{outputs('Get_record_if_CFO_has_not_approved')?['body/Full_x0020_Name/Value']}</strong><strong>.</strong><br>\n<br>\n<br>\nWe regret to inform you that @{variables('varCFOApprovalName')} rejected your travel request.<br>\n<br>\nComment: @{variables('varCFOApprovalComment')}.<br>\n<br>\n<br>\nRegards,<br>\n<br>\n<br>\nHR Service Delivery</p>",
                                        "emailMessage/Importance": "Normal"
                                      },
                                      "authentication": "@parameters('$authentication')"
                                    }
                                  },
                                  "Send_an_email_to_support_desk_and_travel_desk_if_failed_to_update_DB_4": {
                                    "runAfter": {
                                      "Update_item": [
                                        "Failed"
                                      ]
                                    },
                                    "metadata": {
                                      "operationMetadataId": "037f8f39-7f2e-4bf4-bb97-08bb67b4793a"
                                    },
                                    "type": "OpenApiConnection",
                                    "inputs": {
                                      "host": {
                                        "connectionName": "shared_office365_1",
                                        "operationId": "SendEmailV2",
                                        "apiId": "/providers/Microsoft.PowerApps/apis/shared_office365"
                                      },
                                      "parameters": {
                                        "emailMessage/To": "heze@tsllimited.com;traveldesk@tsllimited.com",
                                        "emailMessage/Subject": "Failed Request for Travel Approval by  @{outputs('Get_record_if_CFO_has_not_approved')?['body/Full_x0020_Name/Value']} - @{outputs('Get_record_if_CFO_has_not_approved')?['body/ID']}",
                                        "emailMessage/Body": "<p>Dear Team,<br>\n<br>\nI hope this email finds you well. This is to inform you that a travel request submitted by @{outputs('Get_record_if_CFO_has_not_approved')?['body/Full_x0020_Name/Value']} failed to update the record on the DB after &nbsp;CFO rejection.<br>\n<br>\n**Travel Request Details:**<br>\n<br>\nEmployee Name: @{outputs('Get_record_if_CFO_has_not_approved')?['body/Full_x0020_Name/Value']}<br>\nCompany: @{outputs('Get_record_if_CFO_has_not_approved')?['body/Company/Value']}<br>\nPhone Number: @{outputs('Get_record_if_CFO_has_not_approved')?['body/PhoneNumber']}<br>\nTrip Type: @{outputs('Get_record_if_CFO_has_not_approved')?['body/TripType/Value']}<br>\nNature of Travel: @{outputs('Get_record_if_CFO_has_not_approved')?['body/Nature_x0020_of_x0020_Travel/Value']}<br>\nJob Title: @{outputs('Get_record_if_CFO_has_not_approved')?['body/JobTitle/Value']}<br>\nDestination/Arrival Airport: @{outputs('Get_record_if_CFO_has_not_approved')?['body/Destination_x0020_Airport/Value']}<br>\nArrival Date: @{outputs('Get_record_if_CFO_has_not_approved')?['body/Arrival_x0020_Date']}<br>\nDeparture Airport: @{outputs('Get_record_if_CFO_has_not_approved')?['body/Departure_x0020_Airport/Value']}<br>\nDeparture Date: @{outputs('Get_record_if_CFO_has_not_approved')?['body/Departure_x0020_Date']}<br>\nAirport Drop-off: @{outputs('Get_record_if_CFO_has_not_approved')?['body/Airport_x0020_Drop_x002d_Off_x00/Value']}<br>\nAirport Pick-up: @{outputs('Get_record_if_CFO_has_not_approved')?['body/Airport_x0020_Pick_x002d_Up_x002/Value']}<br>\nCFO Approval Status: @{outputs('Get_record_if_CFO_has_not_approved')?['body/Status/Value']}<br>\nTrip Expenses: @{outputs('Get_record_if_CFO_has_not_approved')?['body/TripExpenses']}<br>\n<br>\n**HOD Approval Details:**<br>\n<br>\n- **Approved By:** @{outputs('Get_record_if_CFO_has_not_approved')?['body/HeadofDepartment/Value']}<br>\n- **Approved By Email Address:** @{outputs('Get_record_if_CFO_has_not_approved')?['body/Head_x0020_of_x0020_Department_x/Value']}<br>\n- **Approval response:** @{outputs('Get_record_if_CFO_has_not_approved')?['body/HODApprovalResponse/Value']}<br>\n- **Approval Comment:** @{outputs('Get_record_if_CFO_has_not_approved')?['body/HODApprovalComment']}<br>\n<br>\n<br>\nWe appreciate your attention to this matter.<br>\n<br>\n<br>\nThank you for your cooperation.<br>\n<br>\n<br>\nSincerely,<br>\n<br>\n<br>\nHR Service Delivery</p>",
                                        "emailMessage/Importance": "Normal"
                                      },
                                      "authentication": "@parameters('$authentication')"
                                    }
                                  },
                                  "Update_item": {
                                    "runAfter": {
                                      "Send_an_email_to_travel_desk_2": [
                                        "Succeeded"
                                      ]
                                    },
                                    "metadata": {
                                      "operationMetadataId": "47db9514-4e07-4770-8e91-6bf755b7c3ed"
                                    },
                                    "type": "OpenApiConnection",
                                    "inputs": {
                                      "host": {
                                        "connectionName": "shared_sharepointonline",
                                        "operationId": "PatchItem",
                                        "apiId": "/providers/Microsoft.PowerApps/apis/shared_sharepointonline"
                                      },
                                      "parameters": {
                                        "dataset": "@parameters('HR Service Delivery (cinsight_HRServiceDelivery)')",
                                        "table": "@parameters('Travel Request (cinsight_TravelRequest)')",
                                        "id": "@outputs('Get_record_if_CFO_has_not_approved')?['body/ID']",
                                        "item/PhoneNumber": "@outputs('Get_record_if_CFO_has_not_approved')?['body/PhoneNumber']",
                                        "item/Check_x0020_In_x0020_Date": "@outputs('Get_record_if_CFO_has_not_approved')?['body/Check_x0020_In_x0020_Date']",
                                        "item/Check_x0020_Out_x0020_Date": "@outputs('Get_record_if_CFO_has_not_approved')?['body/Check_x0020_Out_x0020_Date']",
                                        "item/Departure_x0020_Date": "@outputs('Get_record_if_CFO_has_not_approved')?['body/Departure_x0020_Date']",
                                        "item/Arrival_x0020_Date": "@outputs('Get_record_if_CFO_has_not_approved')?['body/Arrival_x0020_Date']",
                                        "item/ApprovedBy/Claims": "@variables('varCFOApprovalEmailAddress')",
                                        "item/CFOApprovalComment": "@variables('varCFOApprovalComment')",
                                        "item/Status/Value": "Rejected",
                                        "item/CFOApprovalSent/Value": "Yes but rejected"
                                      },
                                      "authentication": "@parameters('$authentication')"
                                    }
                                  },
                                  "Send_an_email_to_travel_desk_2": {
                                    "runAfter": {
                                      "Inform_requester_of_rejection": [
                                        "Succeeded"
                                      ]
                                    },
                                    "metadata": {
                                      "operationMetadataId": "b74a33ac-6918-400a-bb0e-384eaad9855d"
                                    },
                                    "type": "OpenApiConnection",
                                    "inputs": {
                                      "host": {
                                        "connectionName": "shared_office365_1",
                                        "operationId": "SendEmailV2",
                                        "apiId": "/providers/Microsoft.PowerApps/apis/shared_office365"
                                      },
                                      "parameters": {
                                        "emailMessage/To": "heze@capitalcoreltd.com;scampbell@tsllimited.com;traveldesk@tsllimited.com;asulucainan@tsllimited.com",
                                        "emailMessage/Subject": "CFO Rejected Travel Request for @{outputs('Get_record_if_CFO_has_not_approved')?['body/Full_x0020_Name/Value']}- @{outputs('Get_record_if_CFO_has_not_approved')?['body/ID']}",
                                        "emailMessage/Body": "<p>Hi Travel Desk<br>\n<br>\nThis is to notify you that @{variables('varCFOApprovalName')} rejected the travel request raised by @{outputs('Get_record_if_CFO_has_not_approved')?['body/Full_x0020_Name/Value']}.<br>\n<br>\n<br>\n<strong>**CFO Approval Details:**</strong><br>\n<br>\nApproved By: @{variables('varCFOApprovalName')}<br>\nApproved By Email Address: @{variables('varCFOApprovalEmailAddress')}<br>\nApproval response: @{variables('varCFOApprovalResponse')}<br>\nApproval Comment: @{variables('varCFOApprovalComment')}<br>\n<br>\n<br>\n<strong>**HOD Approval Details:**</strong><br>\n<br>\nApproved By: @{outputs('Get_record_if_CFO_has_not_approved')?['body/HeadofDepartment/Value']}<br>\nApproved By Email Address: @{outputs('Get_record_if_CFO_has_not_approved')?['body/Head_x0020_of_x0020_Department_x/Value']}<br>\nApproval Outcome: @{outputs('Get_record_if_CFO_has_not_approved')?['body/HODApprovalResponse/Value']}<br>\nApproval Comment: @{outputs('Get_record_if_CFO_has_not_approved')?['body/HODApprovalComment']}<br>\n<br>\n<br>\n<strong>**Travel Request Details:**</strong><br>\n<br>\nEmployee Name: @{outputs('Get_record_if_CFO_has_not_approved')?['body/Full_x0020_Name/Value']}<br>\nCompany: @{outputs('Get_record_if_CFO_has_not_approved')?['body/Company/Value']}<br>\nPhone Number: @{outputs('Get_record_if_CFO_has_not_approved')?['body/PhoneNumber']}<br>\nTrip Type: @{outputs('Get_record_if_CFO_has_not_approved')?['body/TripType/Value']}<br>\nNature of Travel: @{outputs('Get_record_if_CFO_has_not_approved')?['body/Nature_x0020_of_x0020_Travel/Value']}<br>\nJob Title: @{outputs('Get_record_if_CFO_has_not_approved')?['body/JobTitle/Value']}<br>\nDestination/Arrival Airport: @{outputs('Get_record_if_CFO_has_not_approved')?['body/Destination_x0020_Airport/Value']}<br>\nArrival Date: @{outputs('Get_record_if_CFO_has_not_approved')?['body/Arrival_x0020_Date']}<br>\nDeparture Airport: @{outputs('Get_record_if_CFO_has_not_approved')?['body/Departure_x0020_Airport/Value']}<br>\nDeparture Date: @{outputs('Get_record_if_CFO_has_not_approved')?['body/Departure_x0020_Date']}<br>\nAirport Drop-off: @{outputs('Get_record_if_CFO_has_not_approved')?['body/Airport_x0020_Drop_x002d_Off_x00/Value']}<br>\nAirport Pick-up: @{outputs('Get_record_if_CFO_has_not_approved')?['body/Airport_x0020_Pick_x002d_Up_x002/Value']}<br>\nCFO Approval Status: @{outputs('Get_record_if_CFO_has_not_approved')?['body/Status/Value']}<br>\nTrip Expenses: @{outputs('Get_record_if_CFO_has_not_approved')?['body/TripExpenses']}<br>\n<br>\n<br>\nBest regards,<br>\n<br>\n<br>\nHR Service Delivery</p>",
                                        "emailMessage/Importance": "Normal"
                                      },
                                      "authentication": "@parameters('$authentication')"
                                    }
                                  },
                                  "Terminate_5": {
                                    "runAfter": {
                                      "Send_an_email_to_support_desk_and_travel_desk_if_failed_to_update_DB_4": [
                                        "Skipped"
                                      ]
                                    },
                                    "metadata": {
                                      "operationMetadataId": "9a5412e9-087d-4312-ac4a-5d4ec1a301e9"
                                    },
                                    "type": "Terminate",
                                    "inputs": {
                                      "runStatus": "Succeeded"
                                    }
                                  }
                                }
                              },
                              "expression": {
                                "equals": [
                                  "@variables('varCFOApprovalResponse')",
                                  "Approve"
                                ]
                              },
                              "metadata": {
                                "operationMetadataId": "e6676694-2992-4ea4-acf9-15b34f4f449c"
                              },
                              "type": "If"
                            },
                            "Terminate_8": {
                              "runAfter": {
                                "Condition_-_inform_requester_and_travel_desk_after_CFO_approves": [
                                  "Succeeded"
                                ]
                              },
                              "metadata": {
                                "operationMetadataId": "3cdfbbec-e9f0-429a-b6c8-c1149130de05"
                              },
                              "type": "Terminate",
                              "inputs": {
                                "runStatus": "Succeeded"
                              }
                            }
                          },
                          "runAfter": {
                            "Get_record_if_CFO_has_not_approved": [
                              "Succeeded"
                            ]
                          },
                          "else": {
                            "actions": {
                              "Terminate_3": {
                                "runAfter": {},
                                "metadata": {
                                  "operationMetadataId": "25d8f298-a5f2-4575-8dab-b6918d6abda1"
                                },
                                "type": "Terminate",
                                "inputs": {
                                  "runStatus": "Succeeded"
                                }
                              }
                            }
                          },
                          "expression": {
                            "equals": [
                              "@outputs('Get_record_if_CFO_has_not_approved')?['body/CFOApprovalSent/Value']",
                              "No"
                            ]
                          },
                          "metadata": {
                            "operationMetadataId": "4a97714d-3e9e-42f8-9e61-778a8ec68ea4"
                          },
                          "type": "If"
                        },
                        "Terminate_9": {
                          "runAfter": {
                            "Condition_3": [
                              "Succeeded"
                            ]
                          },
                          "metadata": {
                            "operationMetadataId": "40cab3ff-7671-422c-9a40-ad698de00a53"
                          },
                          "type": "Terminate",
                          "inputs": {
                            "runStatus": "Succeeded"
                          }
                        }
                      },
                      "runAfter": {},
                      "else": {
                        "actions": {
                          "Terminate_2": {
                            "runAfter": {},
                            "metadata": {
                              "operationMetadataId": "70c26429-0e6c-4864-87cb-ae147d1ee3e8"
                            },
                            "type": "Terminate",
                            "inputs": {
                              "runStatus": "Succeeded"
                            }
                          }
                        }
                      },
                      "expression": {
                        "equals": [
                          "@outputs('Get_item')?['body/Status/Value']",
                          "Pending"
                        ]
                      },
                      "metadata": {
                        "operationMetadataId": "83d6bf14-712d-4367-b2e9-88bdffb72bde"
                      },
                      "type": "If"
                    },
                    "Terminate_10": {
                      "runAfter": {
                        "Condition_2": [
                          "Succeeded"
                        ]
                      },
                      "metadata": {
                        "operationMetadataId": "7431b32e-48b9-4d31-8dac-160fddd1bf6b"
                      },
                      "type": "Terminate",
                      "inputs": {
                        "runStatus": "Succeeded"
                      }
                    }
                  }
                },
                "expression": {
                  "equals": [
                    "@outputs('Get_item')?['body/HODApprovalResponse/Value']",
                    "Pending"
                  ]
                },
                "metadata": {
                  "operationMetadataId": "c294a026-4868-4711-aa0f-189d287590fd"
                },
                "type": "If"
              },
              "Terminate_11": {
                "runAfter": {
                  "Condition": [
                    "Succeeded"
                  ]
                },
                "metadata": {
                  "operationMetadataId": "1967afdf-c571-4284-a8c0-4f26b50ab039"
                },
                "type": "Terminate",
                "inputs": {
                  "runStatus": "Succeeded"
                }
              }
            }
          },
          "expression": {
            "equals": [
              "@outputs('Compose_2')",
              0
            ]
          },
          "metadata": {
            "operationMetadataId": "70a9555c-11f3-4fdc-9fc4-1ec930407124"
          },
          "type": "If"
        },
        "Compose_2": {
          "runAfter": {
            "Initialize_variable_-_CFO_Approved_by_Email_2": [
              "Succeeded"
            ]
          },
          "metadata": {
            "operationMetadataId": "b0d3ddfa-0004-4117-b29b-925c9a476855"
          },
          "type": "Compose",
          "inputs": "@if(empty(outputs('Get_item')?['body/TripExpenses']), 0, 1)"
        },
        "Terminate_6": {
          "runAfter": {
            "Condition_4": [
              "Succeeded"
            ]
          },
          "metadata": {
            "operationMetadataId": "3efe7d22-5dcd-4f99-a5a1-a57cb6da6393"
          },
          "type": "Terminate",
          "inputs": {
            "runStatus": "Succeeded"
          }
        }
      }
    },
    "templateName": ""
  },
  "schemaVersion": "1.0.0.0"
}