{
  "properties": {
    "connectionReferences": {
      "shared_office365": {
        "runtimeSource": "embedded",
        "connection": {
          "connectionReferenceLogicalName": "new_sharedoffice365_bb475"
        },
        "api": {
          "name": "shared_office365"
        }
      },
      "shared_sharepointonline": {
        "runtimeSource": "embedded",
        "connection": {
          "connectionReferenceLogicalName": "new_sharedsharepointonline_b20e7"
        },
        "api": {
          "name": "shared_sharepointonline"
        }
      },
      "shared_approvals": {
        "runtimeSource": "embedded",
        "connection": {
          "connectionReferenceLogicalName": "new_sharedapprovals_aef5b"
        },
        "api": {
          "name": "shared_approvals"
        }
      }
    },
    "definition": {
      "$schema": "https://schema.management.azure.com/providers/Microsoft.Logic/schemas/2016-06-01/workflowdefinition.json#",
      "contentVersion": "1.0.0.0",
      "parameters": {
        "$connections": {
          "defaultValue": {},
          "type": "Object"
        },
        "$authentication": {
          "defaultValue": {},
          "type": "SecureObject"
        },
        "HR Service Delivery (cinsight_HRServiceDelivery)": {
          "defaultValue": "https://tsltransport.sharepoint.com/sites/HRServiceDelivery",
          "type": "String",
          "metadata": {
            "schemaName": "cinsight_HRServiceDelivery",
            "description": "This is an environmental variable for HR Travel App solution"
          }
        },
        "Travel Request (cinsight_TravelRequest)": {
          "defaultValue": "cbc50f31-fe9e-4c75-ab4c-8f5b99144f4f",
          "type": "String",
          "metadata": {
            "schemaName": "cinsight_TravelRequest",
            "description": "This is an environmental variable for travel requests"
          }
        }
      },
      "triggers": {
        "When_an_item_is_created": {
          "recurrence": {
            "interval": 5,
            "frequency": "Minute"
          },
          "splitOn": "@triggerOutputs()?['body/value']",
          "metadata": {
            "operationMetadataId": "1fe50354-5395-4f97-8d89-536728187632"
          },
          "type": "OpenApiConnection",
          "inputs": {
            "host": {
              "connectionName": "shared_sharepointonline",
              "operationId": "GetOnNewItems",
              "apiId": "/providers/Microsoft.PowerApps/apis/shared_sharepointonline"
            },
            "parameters": {
              "dataset": "@parameters('HR Service Delivery (cinsight_HRServiceDelivery)')",
              "table": "@parameters('Travel Request (cinsight_TravelRequest)')"
            },
            "authentication": "@parameters('$authentication')"
          }
        }
      },
      "actions": {
        "Send_an_email_to_the_line_manager_or_HOD": {
          "runAfter": {
            "Compose-line_manager_or_HOD_email_content": [
              "Succeeded"
            ]
          },
          "metadata": {
            "operationMetadataId": "037f8f39-7f2e-4bf4-bb97-08bb67b4793a"
          },
          "type": "OpenApiConnection",
          "inputs": {
            "host": {
              "connectionName": "shared_office365",
              "operationId": "SendEmailV2",
              "apiId": "/providers/Microsoft.PowerApps/apis/shared_office365"
            },
            "parameters": {
              "emailMessage/To": "@outputs('Get_item_-_newly_created_item')?['body/Head_x0020_of_x0020_Department_x/Value']",
              "emailMessage/Subject": "Request for Travel Approval by @{outputs('Get_item_-_newly_created_item')?['body/Full_x0020_Name/Value']} - @{outputs('Get_item_-_newly_created_item')?['body/ID']}",
              "emailMessage/Body": "<p>Dear @{outputs('Get_item_-_newly_created_item')?['body/HeadofDepartment/Value']},<br>\n<br>\nI hope this email finds you well. We are writing to request your attention and approval for a travel request submitted by @{outputs('Get_item_-_newly_created_item')?['body/Full_x0020_Name/Value']}.<br>\n<br>\n<strong>**Travel Request Details:**</strong><br>\n<br>\nEmployee Name: @{outputs('Get_item_-_newly_created_item')?['body/Full_x0020_Name/Value']}<br>\nCompany: @{outputs('Get_item_-_newly_created_item')?['body/Company/Value']}<br>\nPhone Number: @{triggerOutputs()?['body/PhoneNumber']}<br>\nTrip Type: @{triggerOutputs()?['body/TripType/Value']}<br>\nNature of Travel: @{outputs('Get_item_-_newly_created_item')?['body/Nature_x0020_of_x0020_Travel/Value']}<br>\nJob Title: @{triggerOutputs()?['body/JobTitle/Value']}<br>\nArrival Airport: @{triggerOutputs()?['body/Destination_x0020_Airport/Value']}<br>\nArrival Date: @{outputs('Get_item_-_newly_created_item')?['body/Arrival_x0020_Date']}<br>\nDeparture Airport: @{outputs('Get_item_-_newly_created_item')?['body/Departure_x0020_Airport/Value']}<br>\nDeparture Date: @{outputs('Get_item_-_newly_created_item')?['body/Departure_x0020_Date']}<br>\nAirport Drop-off: @{outputs('Get_item_-_newly_created_item')?['body/Airport_x0020_Drop_x002d_Off_x00/Value']}<br>\nAirport Pick-up: @{outputs('Get_item_-_newly_created_item')?['body/Airport_x0020_Pick_x002d_Up_x002/Value']}<br>\nStatus: @{outputs('Get_item_-_newly_created_item')?['body/Status/Value']}<br>\n<br>\n<br>\nYour prompt review and approval of this request are essential to ensure the smooth planning and execution of this travel.<br>\n<br>\nShould you require any additional information or have any questions, please do not hesitate to reach out to us.<br>\n<br>\nWe appreciate your attention to this matter and look forward to your prompt response.<br>\n<br>\nThank you for your cooperation.<br>\n<br>\nSincerely,<br>\n<br>\n<br>\nHR Service Delivery</p>",
              "emailMessage/Importance": "Normal"
            },
            "authentication": "@parameters('$authentication')"
          }
        },
        "Get_item_-_newly_created_item": {
          "runAfter": {},
          "metadata": {
            "operationMetadataId": "1985a3d4-6682-4feb-86c3-4d97e7e96b7c"
          },
          "type": "OpenApiConnection",
          "inputs": {
            "host": {
              "connectionName": "shared_sharepointonline",
              "operationId": "GetItem",
              "apiId": "/providers/Microsoft.PowerApps/apis/shared_sharepointonline"
            },
            "parameters": {
              "dataset": "@parameters('HR Service Delivery (cinsight_HRServiceDelivery)')",
              "table": "@parameters('Travel Request (cinsight_TravelRequest)')",
              "id": "@triggerOutputs()?['body/ID']"
            },
            "authentication": "@parameters('$authentication')"
          }
        },
        "Compose-line_manager_or_HOD_email_content": {
          "runAfter": {
            "Get_item_-_newly_created_item": [
              "Succeeded"
            ]
          },
          "metadata": {
            "operationMetadataId": "62f82be0-26bc-43db-b515-da0b0b9b3303"
          },
          "type": "Compose",
          "inputs": "\nDear, @{outputs('Get_item_-_newly_created_item')?['body/HeadofDepartment/Value']}.\n\nI hope this email finds you well. We are writing to request your attention and approval for a travel request submitted by @{outputs('Get_item_-_newly_created_item')?['body/Full_x0020_Name/Value']}.\n\n**Travel Request Details:**\n\nCompany: @{outputs('Get_item_-_newly_created_item')?['body/Company/Value']}\nPhone Number: @{triggerOutputs()?['body/PhoneNumber']}\nTrip Type: @{triggerOutputs()?['body/TripType/Value']}\nNature of Travel: @{outputs('Get_item_-_newly_created_item')?['body/Nature_x0020_of_x0020_Travel/Value']}\nJob Title: @{triggerOutputs()?['body/JobTitle/Value']}\nArrival/Destination Airport: @{triggerOutputs()?['body/Destination_x0020_Airport/Value']} \nArrival Date: @{outputs('Get_item_-_newly_created_item')?['body/Arrival_x0020_Date']}\nDeparture Airport: @{outputs('Get_item_-_newly_created_item')?['body/Departure_x0020_Airport/Value']}\nDeparture Date: @{outputs('Get_item_-_newly_created_item')?['body/Departure_x0020_Date']}\nAirport Drop-off: @{outputs('Get_item_-_newly_created_item')?['body/Airport_x0020_Drop_x002d_Off_x00/Value']}\nAirport Pick-up: @{outputs('Get_item_-_newly_created_item')?['body/Airport_x0020_Pick_x002d_Up_x002/Value']}\nStatus: @{outputs('Get_item_-_newly_created_item')?['body/Status/Value']}\n\nThis request has also been sent to your email for reference.\n\nThanks for your usual cooperation.\n\nRegards,\n\nHR Service Delivery"
        },
        "Start_and_wait_for_an_approval_-_line_manager_or_HOD": {
          "runAfter": {
            "Send_an_email_to_travel_desk_initial_notification": [
              "Succeeded"
            ]
          },
          "metadata": {
            "operationMetadataId": "5be74a75-19c8-47dc-a262-e80e47f20d62"
          },
          "type": "OpenApiConnectionWebhook",
          "inputs": {
            "host": {
              "connectionName": "shared_approvals",
              "operationId": "StartAndWaitForAnApproval",
              "apiId": "/providers/Microsoft.PowerApps/apis/shared_approvals"
            },
            "parameters": {
              "approvalType": "Basic",
              "WebhookApprovalCreationInput/title": "Request for Travel Approval",
              "WebhookApprovalCreationInput/assignedTo": "@{outputs('Get_item_-_newly_created_item')?['body/Head_x0020_of_x0020_Department_x/Value']};",
              "WebhookApprovalCreationInput/details": "@outputs('Compose-line_manager_or_HOD_email_content')",
              "WebhookApprovalCreationInput/requestor": "itadmin@tsllimited.com;",
              "WebhookApprovalCreationInput/enableNotifications": true,
              "WebhookApprovalCreationInput/enableReassignment": false
            },
            "authentication": "@parameters('$authentication')"
          }
        },
        "Compose_2": {
          "runAfter": {
            "Initialize_variable_Approval_name": [
              "Succeeded"
            ]
          },
          "metadata": {
            "operationMetadataId": "7f239ffe-c234-4c57-bb27-061049037068"
          },
          "type": "Compose",
          "inputs": "Send request to HOD or Line manager"
        },
        "Initialize_variable_-_HOD_Approval_Response": {
          "runAfter": {
            "Initialize_variable_-_HOD_Approval_Comment": [
              "Succeeded"
            ]
          },
          "metadata": {
            "operationMetadataId": "b2eb5f71-f0c7-47cb-a72d-5027791f4ac1"
          },
          "type": "InitializeVariable",
          "inputs": {
            "variables": [
              {
                "name": "varHODApprovalResponse",
                "type": "string"
              }
            ]
          }
        },
        "Initialize_variable_-_HOD_Approval_Comment": {
          "runAfter": {
            "Send_an_email_to_support_desk_and_travel_desk_if_failed_2": [
              "Skipped"
            ]
          },
          "metadata": {
            "operationMetadataId": "b2eb5f71-f0c7-47cb-a72d-5027791f4ac1"
          },
          "type": "InitializeVariable",
          "inputs": {
            "variables": [
              {
                "name": "varHODApprovalComment",
                "type": "string"
              }
            ]
          }
        },
        "Initialize_variable_-_HOD_Approver_email": {
          "runAfter": {
            "Initialize_variable_-_HOD_Approval_Response": [
              "Succeeded"
            ]
          },
          "metadata": {
            "operationMetadataId": "b2eb5f71-f0c7-47cb-a72d-5027791f4ac1"
          },
          "type": "InitializeVariable",
          "inputs": {
            "variables": [
              {
                "name": "varHODApprovalEmailAddress",
                "type": "string"
              }
            ]
          }
        },
        "Apply_to_each_-_HOD_Approval": {
          "foreach": "@outputs('Start_and_wait_for_an_approval_-_line_manager_or_HOD')?['body/responses']",
          "actions": {
            "Approval_Name": {
              "runAfter": {},
              "metadata": {
                "operationMetadataId": "7716ff2e-8660-451f-b219-6a3e245631b8"
              },
              "type": "SetVariable",
              "inputs": {
                "name": "varHODApprovalName",
                "value": "@items('Apply_to_each_-_HOD_Approval')?['responder/displayName']"
              }
            },
            "Approval_Response": {
              "runAfter": {
                "Approval_Name": [
                  "Succeeded"
                ]
              },
              "metadata": {
                "operationMetadataId": "a29bc9fa-8c11-4231-8851-71f38bc71db3"
              },
              "type": "SetVariable",
              "inputs": {
                "name": "varHODApprovalResponse",
                "value": "@outputs('Start_and_wait_for_an_approval_-_line_manager_or_HOD')?['body/outcome']"
              }
            },
            "Approval_Comment": {
              "runAfter": {
                "Approval_Response": [
                  "Succeeded"
                ]
              },
              "metadata": {
                "operationMetadataId": "0db5801a-deba-46ef-b902-ed87f8637355"
              },
              "type": "SetVariable",
              "inputs": {
                "name": "varHODApprovalComment",
                "value": "@items('Apply_to_each_-_HOD_Approval')?['comments']"
              }
            },
            "Approval_Email": {
              "runAfter": {
                "Approval_Comment": [
                  "Succeeded"
                ]
              },
              "metadata": {
                "operationMetadataId": "68b0a739-82ad-4b25-81c3-74152540064a"
              },
              "type": "SetVariable",
              "inputs": {
                "name": "varHODApprovalEmailAddress",
                "value": "@items('Apply_to_each_-_HOD_Approval')?['responder/email']"
              }
            }
          },
          "runAfter": {
            "Compose_2": [
              "Succeeded"
            ]
          },
          "metadata": {
            "operationMetadataId": "61b58c16-7b14-4216-aad6-2fd7c62002e6"
          },
          "type": "Foreach"
        },
        "Initialize_variable_Approval_name": {
          "runAfter": {
            "Initialize_variable_-_HOD_Approver_email": [
              "Succeeded"
            ]
          },
          "metadata": {
            "operationMetadataId": "e0314f38-b986-4d8f-a550-ce0b8ea902f9"
          },
          "type": "InitializeVariable",
          "inputs": {
            "variables": [
              {
                "name": "varHODApprovalName",
                "type": "string"
              }
            ]
          }
        },
        "Send_an_email_to_the_requester": {
          "runAfter": {
            "Send_an_email_to_support_desk_and_travel_desk_if_failed": [
              "Skipped"
            ]
          },
          "metadata": {
            "operationMetadataId": "037f8f39-7f2e-4bf4-bb97-08bb67b4793a"
          },
          "type": "OpenApiConnection",
          "inputs": {
            "host": {
              "connectionName": "shared_office365",
              "operationId": "SendEmailV2",
              "apiId": "/providers/Microsoft.PowerApps/apis/shared_office365"
            },
            "parameters": {
              "emailMessage/To": "@outputs('Get_item_-_newly_created_item')?['body/Author/Email']",
              "emailMessage/Subject": "Confirmation of Travel Request Submission",
              "emailMessage/Body": "<p>Dear @{outputs('Get_item_-_newly_created_item')?['body/Author/DisplayName']},<br>\n<br>\nI hope this email finds you well.<br>\n<br>\nThis is to confirm that your recent travel request has been successfully submitted and is currently in the review process. Your request is being evaluated by your Head of Department (HOD) or Line Manager to ensure a thorough assessment.<br>\n<br>\n<strong>**Travel Request Details:**</strong><br>\n<br>\nCompany: @{outputs('Get_item_-_newly_created_item')?['body/Company/Value']}<br>\nPhone Number: @{triggerOutputs()?['body/PhoneNumber']}<br>\nTrip Type: @{triggerOutputs()?['body/TripType/Value']}<br>\nNature of Travel: @{outputs('Get_item_-_newly_created_item')?['body/Nature_x0020_of_x0020_Travel/Value']}<br>\nJob Title: @{triggerOutputs()?['body/JobTitle/Value']}<br>\nArrival/Destination Airport: @{triggerOutputs()?['body/Destination_x0020_Airport/Value']}<br>\nArrival Date: @{outputs('Get_item_-_newly_created_item')?['body/Arrival_x0020_Date']}<br>\nDeparture Airport: @{outputs('Get_item_-_newly_created_item')?['body/Departure_x0020_Airport/Value']}<br>\nDeparture Date: @{outputs('Get_item_-_newly_created_item')?['body/Departure_x0020_Date']}<br>\nAirport Drop-off: @{outputs('Get_item_-_newly_created_item')?['body/Airport_x0020_Drop_x002d_Off_x00/Value']}<br>\nAirport Pick-up: @{outputs('Get_item_-_newly_created_item')?['body/Airport_x0020_Pick_x002d_Up_x002/Value']}<br>\nHead of Department: @{outputs('Get_item_-_newly_created_item')?['body/HeadofDepartment/Value']}<br>\nStatus: @{outputs('Get_item_-_newly_created_item')?['body/Status/Value']}<br>\n<br>\nWe understand the importance of your travel plans and will make every effort to expedite the approval process. Please rest assured that you will be promptly informed of the status of your request as soon as it is approved.<br>\n<br>\nWe appreciate your understanding and cooperation.<br>\n<br>\n<br>\nBest regards,<br>\n<br>\n<br>\nHR Service Deliver</p>",
              "emailMessage/Importance": "Normal"
            },
            "authentication": "@parameters('$authentication')"
          }
        },
        "Send_an_email_to_support_desk_and_travel_desk_if_failed": {
          "runAfter": {
            "Send_an_email_to_the_line_manager_or_HOD": [
              "Failed"
            ]
          },
          "metadata": {
            "operationMetadataId": "037f8f39-7f2e-4bf4-bb97-08bb67b4793a"
          },
          "type": "OpenApiConnection",
          "inputs": {
            "host": {
              "connectionName": "shared_office365",
              "operationId": "SendEmailV2",
              "apiId": "/providers/Microsoft.PowerApps/apis/shared_office365"
            },
            "parameters": {
              "emailMessage/To": "heze@tsllimited.com;traveldesk@tsllimited.com",
              "emailMessage/Subject": "Request for Travel Approval by @{outputs('Get_item_-_newly_created_item')?['body/Full_x0020_Name/Value']} - @{outputs('Get_item_-_newly_created_item')?['body/ID']}",
              "emailMessage/Body": "<p>Dear Team,<br>\n<br>\nI hope this email finds you well. This is to inform you that a travel request submitted by @{outputs('Get_item_-_newly_created_item')?['body/Full_x0020_Name/Value']} failed to send mail to HOD.<br>\n <br>\n<strong>**Travel Request Details:**</strong><br>\n<br>\nEmployee Name: @{outputs('Get_item_-_newly_created_item')?['body/Full_x0020_Name/Value']}<br>\nCompany: @{outputs('Get_item_-_newly_created_item')?['body/Company/Value']}<br>\nPhone Number: @{triggerOutputs()?['body/PhoneNumber']}<br>\nTrip Type: @{triggerOutputs()?['body/TripType/Value']}<br>\nNature of Travel: @{outputs('Get_item_-_newly_created_item')?['body/Nature_x0020_of_x0020_Travel/Value']}<br>\nJob Title: @{triggerOutputs()?['body/JobTitle/Value']}<br>\nArrival Airport: @{triggerOutputs()?['body/Destination_x0020_Airport/Value']}<br>\nArrival Date: @{outputs('Get_item_-_newly_created_item')?['body/Arrival_x0020_Date']}<br>\nDeparture Airport: @{outputs('Get_item_-_newly_created_item')?['body/Departure_x0020_Airport/Value']}<br>\nDeparture Date: @{outputs('Get_item_-_newly_created_item')?['body/Departure_x0020_Date']}<br>\nAirport Drop-off: @{outputs('Get_item_-_newly_created_item')?['body/Airport_x0020_Drop_x002d_Off_x00/Value']}<br>\nAirport Pick-up: @{outputs('Get_item_-_newly_created_item')?['body/Airport_x0020_Pick_x002d_Up_x002/Value']}<br>\nStatus: @{outputs('Get_item_-_newly_created_item')?['body/Status/Value']}<br>\nHOD: @{outputs('Get_item_-_newly_created_item')?['body/HeadofDepartment/Value']}<br>\n<br>\n<br>\nYour prompt review and approval of this request are essential to ensure the smooth planning and execution of this travel.<br>\n<br>\nShould you require any additional information or have any questions, please do not hesitate to reach out to us.<br>\n<br>\nWe appreciate your attention to this matter and look forward to your prompt response.<br>\n<br>\nThank you for your cooperation.<br>\n<br>\nSincerely,<br>\n<br>\n<br>\nHR Service Delivery</p>",
              "emailMessage/Importance": "Normal"
            },
            "authentication": "@parameters('$authentication')"
          }
        },
        "Send_an_email_to_travel_desk_initial_notification": {
          "runAfter": {
            "Send_an_email_to_the_requester": [
              "Succeeded"
            ]
          },
          "metadata": {
            "operationMetadataId": "b74a33ac-6918-400a-bb0e-384eaad9855d"
          },
          "type": "OpenApiConnection",
          "inputs": {
            "host": {
              "connectionName": "shared_office365",
              "operationId": "SendEmailV2",
              "apiId": "/providers/Microsoft.PowerApps/apis/shared_office365"
            },
            "parameters": {
              "emailMessage/To": "heze@capitalcoreltd.com;scampbell@tsllimited.com;asulucainan@tsllimited.com;traveldesk@tsllimited.com",
              "emailMessage/Subject": "New Travel Request - @{outputs('Get_item_-_newly_created_item')?['body/ID']}",
              "emailMessage/Body": "<p>Hi Travel Desk<br>\n<br>\nThis is to notify you that @{outputs('Get_item_-_newly_created_item')?['body/Full_x0020_Name/Value']} has successfully created a new travel request.<br>\n<br>\n<br>\nThe request is under review by the HOD/Line manager (@{outputs('Get_item_-_newly_created_item')?['body/HeadofDepartment/Value']})<br>\n<br>\n<br>\n<strong>**Travel Request Details:**</strong><br>\n<br>\nEmployee Name: @{outputs('Get_item_-_newly_created_item')?['body/Full_x0020_Name/Value']}<br>\nCompany: @{outputs('Get_item_-_newly_created_item')?['body/Company/Value']}<br>\nPhone Number: @{triggerOutputs()?['body/PhoneNumber']}<br>\nTrip Type: @{triggerOutputs()?['body/TripType/Value']}<br>\nNature of Travel: @{outputs('Get_item_-_newly_created_item')?['body/Nature_x0020_of_x0020_Travel/Value']}<br>\nJob Title: @{triggerOutputs()?['body/JobTitle/Value']}<br>\nArrival Airport: @{triggerOutputs()?['body/Destination_x0020_Airport/Value']}<br>\nArrival Date: @{outputs('Get_item_-_newly_created_item')?['body/Arrival_x0020_Date']}<br>\nDeparture Airport: @{outputs('Get_item_-_newly_created_item')?['body/Departure_x0020_Airport/Value']}<br>\nDeparture Date: @{outputs('Get_item_-_newly_created_item')?['body/Departure_x0020_Date']}<br>\nAirport Drop-off: @{outputs('Get_item_-_newly_created_item')?['body/Airport_x0020_Drop_x002d_Off_x00/Value']}<br>\nAirport Pick-up: @{outputs('Get_item_-_newly_created_item')?['body/Airport_x0020_Pick_x002d_Up_x002/Value']}<br>\nStatus: @{outputs('Get_item_-_newly_created_item')?['body/Status/Value']}<br>\n<br>\n<br>\nBest regards,<br>\n<br>\n<br>\nHR Service Delivery</p>",
              "emailMessage/Importance": "Normal"
            },
            "authentication": "@parameters('$authentication')"
          }
        },
        "Condition_-_notify_requester_of_HOD_Approval_responses": {
          "actions": {
            "Notify_requester_of_approval_outcome_from_HOD": {
              "runAfter": {},
              "metadata": {
                "operationMetadataId": "b1507ab3-2acc-4485-9bf8-98ec0dc6e8b9"
              },
              "type": "OpenApiConnection",
              "inputs": {
                "host": {
                  "connectionName": "shared_office365",
                  "operationId": "SendEmailV2",
                  "apiId": "/providers/Microsoft.PowerApps/apis/shared_office365"
                },
                "parameters": {
                  "emailMessage/To": "@outputs('Get_item_-_newly_created_item')?['body/Author/Email']",
                  "emailMessage/Subject": "Approved Travel Request - @{outputs('Get_item_-_newly_created_item')?['body/ID']}",
                  "emailMessage/Body": "<p>Hello, @{outputs('Get_item_-_newly_created_item')?['body/Author/DisplayName']}<strong>.</strong><br>\n<br>\nWe are pleased to inform you that your HOD has approved your travel request.<br>\n<br>\nPlease see the details of the approval request below:<br>\n<br>\nApproved By:<strong> </strong><strong>@{variables('varHODApprovalName')}</strong><strong>.</strong><br>\nEmail Address: <strong></strong><strong>@{variables('varHODApprovalEmailAddress')}</strong><strong>.</strong><br>\nApproval Response: <strong>Approved.</strong><br>\nApproval Comment:<strong> </strong><strong>@{variables('varHODApprovalComment')}</strong><strong>.</strong><br>\n<br>\n<br>\nShould you have further inquiries or require additional information, please feel free to reach out to us.<br>\n<br>\n<br>\nRegards,<br>\n<br>\n<br>\nHR Service Delivery<br>\n</p>",
                  "emailMessage/Importance": "Normal"
                },
                "authentication": "@parameters('$authentication')"
              }
            },
            "Update_item_3": {
              "runAfter": {
                "Notify_travel_desk_of_approval_outcome_from_HOD": [
                  "Succeeded"
                ]
              },
              "metadata": {
                "operationMetadataId": "b3751fc3-bfd3-4f26-83c3-4194005ba03e"
              },
              "type": "OpenApiConnection",
              "inputs": {
                "host": {
                  "connectionName": "shared_sharepointonline",
                  "operationId": "PatchItem",
                  "apiId": "/providers/Microsoft.PowerApps/apis/shared_sharepointonline"
                },
                "parameters": {
                  "dataset": "@parameters('HR Service Delivery (cinsight_HRServiceDelivery)')",
                  "table": "@parameters('Travel Request (cinsight_TravelRequest)')",
                  "id": "@outputs('Get_item_-_newly_created_item')?['body/ID']",
                  "item/PhoneNumber": "@outputs('Get_item_-_newly_created_item')?['body/PhoneNumber']",
                  "item/Check_x0020_In_x0020_Date": "@outputs('Get_item_-_newly_created_item')?['body/Check_x0020_In_x0020_Date']",
                  "item/Check_x0020_Out_x0020_Date": "@outputs('Get_item_-_newly_created_item')?['body/Check_x0020_Out_x0020_Date']",
                  "item/Departure_x0020_Date": "@outputs('Get_item_-_newly_created_item')?['body/Departure_x0020_Date']",
                  "item/Arrival_x0020_Date": "@outputs('Get_item_-_newly_created_item')?['body/Arrival_x0020_Date']",
                  "item/HODApprovalComment": "@variables('varHODApprovalComment')",
                  "item/HODApprovalResponse/Value": "Approved"
                },
                "authentication": "@parameters('$authentication')"
              }
            },
            "Send_an_email_to_support_desk_and_travel_desk_if_failed_to_update_DB": {
              "runAfter": {
                "Update_item_3": [
                  "Failed"
                ]
              },
              "metadata": {
                "operationMetadataId": "037f8f39-7f2e-4bf4-bb97-08bb67b4793a"
              },
              "type": "OpenApiConnection",
              "inputs": {
                "host": {
                  "connectionName": "shared_office365",
                  "operationId": "SendEmailV2",
                  "apiId": "/providers/Microsoft.PowerApps/apis/shared_office365"
                },
                "parameters": {
                  "emailMessage/To": "heze@tsllimited.com;",
                  "emailMessage/Subject": "Request for Travel Approval by @{outputs('Get_item_-_newly_created_item')?['body/Full_x0020_Name/Value']} - @{outputs('Get_item_-_newly_created_item')?['body/ID']}",
                  "emailMessage/Body": "<p>Dear Team,<br>\n<br>\nI hope this email finds you well. This is to inform you that a travel request submitted by @{outputs('Get_item_-_newly_created_item')?['body/Full_x0020_Name/Value']} failed to update the record on the DB after &nbsp;HOD's Approval<br>\n<br>\n<strong>**Travel Request Details:**</strong><br>\n<br>\nEmployee Name: @{outputs('Get_item_-_newly_created_item')?['body/Full_x0020_Name/Value']}<br>\nCompany: @{outputs('Get_item_-_newly_created_item')?['body/Company/Value']}<br>\nPhone Number: @{triggerOutputs()?['body/PhoneNumber']}<br>\nTrip Type: @{triggerOutputs()?['body/TripType/Value']}<br>\nNature of Travel: @{outputs('Get_item_-_newly_created_item')?['body/Nature_x0020_of_x0020_Travel/Value']}<br>\nJob Title: @{triggerOutputs()?['body/JobTitle/Value']}<br>\nArrival Airport: @{triggerOutputs()?['body/Destination_x0020_Airport/Value']}<br>\nArrival Date: @{outputs('Get_item_-_newly_created_item')?['body/Arrival_x0020_Date']}<br>\nDeparture Airport: @{outputs('Get_item_-_newly_created_item')?['body/Departure_x0020_Airport/Value']}<br>\nDeparture Date: @{outputs('Get_item_-_newly_created_item')?['body/Departure_x0020_Date']}<br>\nAirport Drop-off: @{outputs('Get_item_-_newly_created_item')?['body/Airport_x0020_Drop_x002d_Off_x00/Value']}<br>\nAirport Pick-up: @{outputs('Get_item_-_newly_created_item')?['body/Airport_x0020_Pick_x002d_Up_x002/Value']}<br>\nStatus: @{outputs('Get_item_-_newly_created_item')?['body/Status/Value']}<br>\nHOD: @{outputs('Get_item_-_newly_created_item')?['body/HeadofDepartment/Value']}<br>\n<br>\n<br>\nYour prompt review and approval of this request are essential to ensure the smooth planning and execution of this travel.<br>\n<br>\nShould you require any additional information or have any questions, please do not hesitate to reach out to us.<br>\n<br>\nWe appreciate your attention to this matter and look forward to your prompt response.<br>\n<br>\nThank you for your cooperation.<br>\n<br>\nSincerely,<br>\n<br>\n<br>\nHR Service Delivery</p>",
                  "emailMessage/Importance": "Normal"
                },
                "authentication": "@parameters('$authentication')"
              }
            },
            "Notify_travel_desk_of_approval_outcome_from_HOD": {
              "runAfter": {
                "Notify_requester_of_approval_outcome_from_HOD": [
                  "Succeeded"
                ]
              },
              "metadata": {
                "operationMetadataId": "b1507ab3-2acc-4485-9bf8-98ec0dc6e8b9"
              },
              "type": "OpenApiConnection",
              "inputs": {
                "host": {
                  "connectionName": "shared_office365",
                  "operationId": "SendEmailV2",
                  "apiId": "/providers/Microsoft.PowerApps/apis/shared_office365"
                },
                "parameters": {
                  "emailMessage/To": "traveldesk@tsllimited.com; asulucainan@tsllimited.com; scampbell@tsllimited.com; heze@tsllimited.com",
                  "emailMessage/Subject": "Approved Travel Request - @{outputs('Get_item_-_newly_created_item')?['body/ID']}",
                  "emailMessage/Body": "<p>Dear Team<strong>.</strong><br>\n<br>\nThis is to notify us that the travel request raised by @{outputs('Get_item_-_newly_created_item')?['body/Full_x0020_Name/Value']} has been approved by the line manager/HOD.<br>\n<br>\nPlease see the details of the approval request below:<br>\n<br>\nApproved By:<strong> </strong><strong>@{variables('varHODApprovalName')}</strong><strong>.</strong><br>\nEmail Address: <strong></strong><strong>@{variables('varHODApprovalEmailAddress')}</strong><strong>.</strong><br>\nApproval Response: <strong>Approved.</strong><br>\nApproval Comment:<strong> </strong><strong>@{variables('varHODApprovalComment')}</strong><strong>.</strong><br>\n<br>\nKindly proceed with updating the travel expenses record for this trip.<br>\n<br>\n<br>\n<strong>**Travel Request Details:**</strong><br>\n<br>\nEmployee Name: @{outputs('Get_item_-_newly_created_item')?['body/Full_x0020_Name/Value']}<br>\nCompany: @{outputs('Get_item_-_newly_created_item')?['body/Company/Value']}<br>\nPhone Number: @{triggerOutputs()?['body/PhoneNumber']}<br>\nTrip Type: @{triggerOutputs()?['body/TripType/Value']}<br>\nNature of Travel: @{outputs('Get_item_-_newly_created_item')?['body/Nature_x0020_of_x0020_Travel/Value']}<br>\nJob Title: @{triggerOutputs()?['body/JobTitle/Value']}<br>\nArrival Airport: @{triggerOutputs()?['body/Destination_x0020_Airport/Value']}<br>\nArrival Date: @{outputs('Get_item_-_newly_created_item')?['body/Arrival_x0020_Date']}<br>\nDeparture Airport: @{outputs('Get_item_-_newly_created_item')?['body/Departure_x0020_Airport/Value']}<br>\nDeparture Date: @{outputs('Get_item_-_newly_created_item')?['body/Departure_x0020_Date']}<br>\nAirport Drop-off: @{outputs('Get_item_-_newly_created_item')?['body/Airport_x0020_Drop_x002d_Off_x00/Value']}<br>\nAirport Pick-up: @{outputs('Get_item_-_newly_created_item')?['body/Airport_x0020_Pick_x002d_Up_x002/Value']}<br>\nStatus: @{outputs('Get_item_-_newly_created_item')?['body/Status/Value']}<br>\n<br>\n<br>\nRegards,<br>\n<br>\n<br>\nHR Service Delivery<br>\n</p>",
                  "emailMessage/Importance": "Normal"
                },
                "authentication": "@parameters('$authentication')"
              }
            }
          },
          "runAfter": {
            "Apply_to_each_-_HOD_Approval": [
              "Succeeded"
            ]
          },
          "else": {
            "actions": {
              "Notify_requester_of_approval_outcome_from_HOD_-rejected": {
                "runAfter": {},
                "metadata": {
                  "operationMetadataId": "b1507ab3-2acc-4485-9bf8-98ec0dc6e8b9"
                },
                "type": "OpenApiConnection",
                "inputs": {
                  "host": {
                    "connectionName": "shared_office365",
                    "operationId": "SendEmailV2",
                    "apiId": "/providers/Microsoft.PowerApps/apis/shared_office365"
                  },
                  "parameters": {
                    "emailMessage/To": "@outputs('Get_item_-_newly_created_item')?['body/Author/Email']",
                    "emailMessage/Subject": "Rejected Travel Request - @{outputs('Get_item_-_newly_created_item')?['body/ID']}",
                    "emailMessage/Body": "<p>Hello, <strong></strong><strong>@{outputs('Get_item_-_newly_created_item')?['body/Author/DisplayName']}</strong><strong>.</strong><br>\n<br>\nWe regret to inform you that your HOD rejected your travel request.<br>\n<br>\n<br>\nPlease find the details of the response below:<br>\n<br>\nRejected By:<strong> </strong><strong>@{variables('varHODApprovalName')}</strong><strong>.</strong><br>\nEmail Address:<strong> </strong><strong>@{variables('varHODApprovalEmailAddress')}</strong><strong>.<br>\n</strong>Comment:<strong> </strong><strong>@{variables('varHODApprovalComment')}</strong><strong>.<br>\n</strong><br>\n<br>\nShould you have further inquiries or require additional information, please feel free to reach out to us.<br>\n<br>\n<br>\nRegards,<br>\n<br>\n<br>\nHR Service Delivery</p>",
                    "emailMessage/Importance": "Normal"
                  },
                  "authentication": "@parameters('$authentication')"
                }
              },
              "Update_item_4": {
                "runAfter": {
                  "Notify_travel_desk_of_approval_outcome_from_HOD_-rejected": [
                    "Succeeded"
                  ]
                },
                "metadata": {
                  "operationMetadataId": "b3751fc3-bfd3-4f26-83c3-4194005ba03e"
                },
                "type": "OpenApiConnection",
                "inputs": {
                  "host": {
                    "connectionName": "shared_sharepointonline",
                    "operationId": "PatchItem",
                    "apiId": "/providers/Microsoft.PowerApps/apis/shared_sharepointonline"
                  },
                  "parameters": {
                    "dataset": "@parameters('HR Service Delivery (cinsight_HRServiceDelivery)')",
                    "table": "@parameters('Travel Request (cinsight_TravelRequest)')",
                    "id": "@outputs('Get_item_-_newly_created_item')?['body/ID']",
                    "item/PhoneNumber": "@outputs('Get_item_-_newly_created_item')?['body/PhoneNumber']",
                    "item/Check_x0020_In_x0020_Date": "@outputs('Get_item_-_newly_created_item')?['body/Check_x0020_In_x0020_Date']",
                    "item/Check_x0020_Out_x0020_Date": "@outputs('Get_item_-_newly_created_item')?['body/Check_x0020_Out_x0020_Date']",
                    "item/Departure_x0020_Date": "@outputs('Get_item_-_newly_created_item')?['body/Departure_x0020_Date']",
                    "item/Arrival_x0020_Date": "@outputs('Get_item_-_newly_created_item')?['body/Arrival_x0020_Date']",
                    "item/HODApprovalComment": "@variables('varHODApprovalComment')",
                    "item/HODApprovalResponse/Value": "Rejected"
                  },
                  "authentication": "@parameters('$authentication')"
                }
              },
              "Send_an_email_to_support_desk_and_travel_desk_if_failed_to_update_DB_2": {
                "runAfter": {
                  "Update_item_4": [
                    "Failed"
                  ]
                },
                "metadata": {
                  "operationMetadataId": "037f8f39-7f2e-4bf4-bb97-08bb67b4793a"
                },
                "type": "OpenApiConnection",
                "inputs": {
                  "host": {
                    "connectionName": "shared_office365",
                    "operationId": "SendEmailV2",
                    "apiId": "/providers/Microsoft.PowerApps/apis/shared_office365"
                  },
                  "parameters": {
                    "emailMessage/To": "heze@tsllimited.com;",
                    "emailMessage/Subject": "Request for Travel Approval by @{outputs('Get_item_-_newly_created_item')?['body/Full_x0020_Name/Value']} - @{outputs('Get_item_-_newly_created_item')?['body/ID']}",
                    "emailMessage/Body": "<p>Dear Team,<br>\n<br>\nI hope this email finds you well. This is to inform you that a travel request submitted by @{outputs('Get_item_-_newly_created_item')?['body/Full_x0020_Name/Value']} failed to update the record on the DB after &nbsp;HOD's rejection<br>\n <br>\n<strong>**Travel Request Details:**</strong><br>\n<br>\nEmployee Name: @{outputs('Get_item_-_newly_created_item')?['body/Full_x0020_Name/Value']}<br>\nCompany: @{outputs('Get_item_-_newly_created_item')?['body/Company/Value']}<br>\nPhone Number: @{triggerOutputs()?['body/PhoneNumber']}<br>\nTrip Type: @{triggerOutputs()?['body/TripType/Value']}<br>\nNature of Travel: @{outputs('Get_item_-_newly_created_item')?['body/Nature_x0020_of_x0020_Travel/Value']}<br>\nJob Title: @{triggerOutputs()?['body/JobTitle/Value']}<br>\nArrival Airport: @{triggerOutputs()?['body/Destination_x0020_Airport/Value']}<br>\nArrival Date: @{outputs('Get_item_-_newly_created_item')?['body/Arrival_x0020_Date']}<br>\nDeparture Airport: @{outputs('Get_item_-_newly_created_item')?['body/Departure_x0020_Airport/Value']}<br>\nDeparture Date: @{outputs('Get_item_-_newly_created_item')?['body/Departure_x0020_Date']}<br>\nAirport Drop-off: @{outputs('Get_item_-_newly_created_item')?['body/Airport_x0020_Drop_x002d_Off_x00/Value']}<br>\nAirport Pick-up: @{outputs('Get_item_-_newly_created_item')?['body/Airport_x0020_Pick_x002d_Up_x002/Value']}<br>\nStatus: @{outputs('Get_item_-_newly_created_item')?['body/Status/Value']}<br>\nHOD: @{outputs('Get_item_-_newly_created_item')?['body/HeadofDepartment/Value']}<br>\n<br>\n<br>\nYour prompt review and approval of this request are essential to ensure the smooth planning and execution of this travel.<br>\n<br>\nShould you require any additional information or have any questions, please do not hesitate to reach out to us.<br>\n<br>\nWe appreciate your attention to this matter and look forward to your prompt response.<br>\n<br>\nThank you for your cooperation.<br>\n<br>\nSincerely,<br>\n<br>\n<br>\nHR Service Delivery</p>",
                    "emailMessage/Importance": "Normal"
                  },
                  "authentication": "@parameters('$authentication')"
                }
              },
              "Notify_travel_desk_of_approval_outcome_from_HOD_-rejected": {
                "runAfter": {
                  "Notify_requester_of_approval_outcome_from_HOD_-rejected": [
                    "Succeeded"
                  ]
                },
                "metadata": {
                  "operationMetadataId": "b1507ab3-2acc-4485-9bf8-98ec0dc6e8b9"
                },
                "type": "OpenApiConnection",
                "inputs": {
                  "host": {
                    "connectionName": "shared_office365",
                    "operationId": "SendEmailV2",
                    "apiId": "/providers/Microsoft.PowerApps/apis/shared_office365"
                  },
                  "parameters": {
                    "emailMessage/To": "traveldesk@tsllimited.com; asulucainan@tsllimited.com; scampbell@tsllimited.com; heze@tsllimited.com",
                    "emailMessage/Subject": "Rejected Travel Request - @{outputs('Get_item_-_newly_created_item')?['body/ID']}",
                    "emailMessage/Body": "<p><strong></strong>Dear Team,<br>\n<br>\nThis is to notify you that the travel request raised by @{outputs('Get_item_-_newly_created_item')?['body/HeadofDepartment/Value']} was rejected by the line manager/HOD.<br>\n<br>\n<br>\nPlease find the details of the response below:<br>\n<br>\nRejected By:<strong> </strong><strong>@{variables('varHODApprovalName')}</strong><strong>.</strong><br>\nEmail Address:<strong> </strong><strong>@{variables('varHODApprovalEmailAddress')}</strong><strong>.<br>\n</strong>Comment:<strong> </strong><strong>@{variables('varHODApprovalComment')}</strong><strong>.<br>\n<br>\n</strong><br>\n<strong>**Travel Request Details:**<br>\n</strong><br>\nEmployee Name: @{outputs('Get_item_-_newly_created_item')?['body/Full_x0020_Name/Value']}<br>\nCompany: @{outputs('Get_item_-_newly_created_item')?['body/Company/Value']}<br>\nPhone Number: @{triggerOutputs()?['body/PhoneNumber']}<br>\nTrip Type: @{triggerOutputs()?['body/TripType/Value']}<br>\nNature of Travel: @{outputs('Get_item_-_newly_created_item')?['body/Nature_x0020_of_x0020_Travel/Value']}<br>\nJob Title: @{triggerOutputs()?['body/JobTitle/Value']}<br>\nArrival Airport: @{triggerOutputs()?['body/Destination_x0020_Airport/Value']}<br>\nArrival Date: @{outputs('Get_item_-_newly_created_item')?['body/Arrival_x0020_Date']}<br>\nDeparture Airport: @{outputs('Get_item_-_newly_created_item')?['body/Departure_x0020_Airport/Value']}<br>\nDeparture Date: @{outputs('Get_item_-_newly_created_item')?['body/Departure_x0020_Date']}<br>\nAirport Drop-off: @{outputs('Get_item_-_newly_created_item')?['body/Airport_x0020_Drop_x002d_Off_x00/Value']}<br>\nAirport Pick-up: @{outputs('Get_item_-_newly_created_item')?['body/Airport_x0020_Pick_x002d_Up_x002/Value']}<br>\nStatus: @{outputs('Get_item_-_newly_created_item')?['body/Status/Value']}<br>\n<br>\n<br>\nRegards,<br>\n<br>\n<br>\nHR Service Delivery</p>",
                    "emailMessage/Importance": "Normal"
                  },
                  "authentication": "@parameters('$authentication')"
                }
              }
            }
          },
          "expression": {
            "equals": [
              "@variables('varHODApprovalResponse')",
              "Approve"
            ]
          },
          "metadata": {
            "operationMetadataId": "e6676694-2992-4ea4-acf9-15b34f4f449c"
          },
          "type": "If"
        },
        "Terminate": {
          "runAfter": {
            "Condition_-_notify_requester_of_HOD_Approval_responses": [
              "Succeeded"
            ]
          },
          "metadata": {
            "operationMetadataId": "67cb1b7e-728d-4486-901a-6c0345d6c11e"
          },
          "type": "Terminate",
          "inputs": {
            "runStatus": "Succeeded"
          }
        },
        "Send_an_email_to_support_desk_and_travel_desk_if_failed_2": {
          "runAfter": {
            "Start_and_wait_for_an_approval_-_line_manager_or_HOD": [
              "Failed"
            ]
          },
          "metadata": {
            "operationMetadataId": "037f8f39-7f2e-4bf4-bb97-08bb67b4793a"
          },
          "type": "OpenApiConnection",
          "inputs": {
            "host": {
              "connectionName": "shared_office365",
              "operationId": "SendEmailV2",
              "apiId": "/providers/Microsoft.PowerApps/apis/shared_office365"
            },
            "parameters": {
              "emailMessage/To": "heze@tsllimited.com;traveldesk@tsllimited.com",
              "emailMessage/Subject": "Request for Travel Approval by @{outputs('Get_item_-_newly_created_item')?['body/Full_x0020_Name/Value']} - @{outputs('Get_item_-_newly_created_item')?['body/ID']}",
              "emailMessage/Body": "<p>Dear Team,<br>\n<br>\nI hope this email finds you well. This is to inform you that a travel request submitted by @{outputs('Get_item_-_newly_created_item')?['body/Full_x0020_Name/Value']} failed to send an approval request to HOD.<br>\n<br>\n<strong>**Travel Request Details:**</strong><br>\n<br>\nEmployee Name: @{outputs('Get_item_-_newly_created_item')?['body/Full_x0020_Name/Value']}<br>\nCompany: @{outputs('Get_item_-_newly_created_item')?['body/Company/Value']}<br>\nPhone Number: @{triggerOutputs()?['body/PhoneNumber']}<br>\nTrip Type: @{triggerOutputs()?['body/TripType/Value']}<br>\nNature of Travel: @{outputs('Get_item_-_newly_created_item')?['body/Nature_x0020_of_x0020_Travel/Value']}<br>\nJob Title: @{triggerOutputs()?['body/JobTitle/Value']}<br>\nArrival Airport: @{triggerOutputs()?['body/Destination_x0020_Airport/Value']}<br>\nArrival Date: @{outputs('Get_item_-_newly_created_item')?['body/Arrival_x0020_Date']}<br>\nDeparture Airport: @{outputs('Get_item_-_newly_created_item')?['body/Departure_x0020_Airport/Value']}<br>\nDeparture Date: @{outputs('Get_item_-_newly_created_item')?['body/Departure_x0020_Date']}<br>\nAirport Drop-off: @{outputs('Get_item_-_newly_created_item')?['body/Airport_x0020_Drop_x002d_Off_x00/Value']}<br>\nAirport Pick-up: @{outputs('Get_item_-_newly_created_item')?['body/Airport_x0020_Pick_x002d_Up_x002/Value']}<br>\nStatus: @{outputs('Get_item_-_newly_created_item')?['body/Status/Value']}<br>\nHOD: @{outputs('Get_item_-_newly_created_item')?['body/HeadofDepartment/Value']}<br>\nTime: @{utcNow()}<br>\n<br>\nValidate the HOD or line manager's details. Please ensure he/she is an active user.<br>\n<br>\nSincerely,<br>\n<br>\n<br>\nHR Service Delivery</p>",
              "emailMessage/Importance": "Normal"
            },
            "authentication": "@parameters('$authentication')"
          }
        }
      }
    },
    "templateName": ""
  },
  "schemaVersion": "1.0.0.0"
}