<environmentvariabledefinition schemaname="cinsight_AirportList">
  <apiid>/providers/microsoft.powerapps/apis/shared_sharepointonline</apiid>
  <description default="This is an environmental variable for airport list">
    <label description="This is an environmental variable for airport list" languagecode="1033" />
  </description>
  <displayname default="Airport List">
    <label description="Airport List" languagecode="1033" />
  </displayname>
  <introducedversion>1.0.0</introducedversion>
  <iscustomizable>1</iscustomizable>
  <isrequired>0</isrequired>
  <parameterkey>table</parameterkey>
  <parentdefinitionid>
    <schemaname>cinsight_HRServiceDelivery</schemaname>
  </parentdefinitionid>
  <secretstore>0</secretstore>
  <type>100000004</type>
</environmentvariabledefinition>